timestamp,coin,signal,reasoning
2025-11-10T08:44:23.486414,ETH,hold,
2025-11-10T08:44:23.486414,SOL,hold,
2025-11-10T08:44:23.486414,XRP,hold,
2025-11-10T08:44:23.486414,BTC,entry,
2025-11-10T08:44:23.486414,DOGE,hold,
2025-11-10T08:44:23.486414,BNB,hold,
2025-11-10T08:47:29.732996,ETH,hold,
2025-11-10T08:47:29.732996,SOL,hold,
2025-11-10T08:47:29.732996,XRP,hold,
2025-11-10T08:47:29.732996,BTC,hold,
2025-11-10T08:47:29.732996,DOGE,hold,
2025-11-10T08:47:29.732996,BNB,hold,
2025-11-10T08:50:35.432039,ETH,hold,
2025-11-10T08:50:35.432039,SOL,hold,
2025-11-10T08:50:35.432039,XRP,hold,
2025-11-10T08:50:35.432039,BTC,hold,
2025-11-10T08:50:35.432039,DOGE,hold,
2025-11-10T08:50:35.432039,BNB,hold,
2025-11-10T08:53:41.055653,ETH,hold,
2025-11-10T08:53:41.055653,SOL,hold,
2025-11-10T08:53:41.055653,XRP,hold,
2025-11-10T08:53:41.055653,BTC,hold,
2025-11-10T08:53:41.055653,DOGE,hold,
2025-11-10T08:53:41.055653,BNB,hold,
2025-11-10T08:56:48.037542,ETH,entry,
2025-11-10T08:56:48.037542,SOL,entry,
2025-11-10T08:56:48.037542,XRP,entry,
2025-11-10T08:56:48.037542,BTC,hold,
2025-11-10T08:56:48.037542,DOGE,entry,
2025-11-10T08:56:48.037542,BNB,entry,
2025-11-10T08:59:53.800451,ETH,hold,
2025-11-10T08:59:53.800451,SOL,hold,
2025-11-10T08:59:53.800451,XRP,hold,
2025-11-10T08:59:53.800451,BTC,hold,
2025-11-10T08:59:53.800451,DOGE,hold,
2025-11-10T08:59:53.800451,BNB,hold,
2025-11-10T09:03:01.354950,ETH,hold,
2025-11-10T09:03:01.354950,SOL,hold,
2025-11-10T09:03:01.354950,XRP,hold,
2025-11-10T09:03:01.354950,BTC,hold,
2025-11-10T09:03:01.354950,DOGE,hold,
2025-11-10T09:03:01.354950,BNB,hold,
2025-11-10T09:06:07.194722,ETH,hold,
2025-11-10T09:06:07.194722,SOL,hold,
2025-11-10T09:06:07.194722,XRP,hold,
2025-11-10T09:06:07.194722,BTC,hold,
2025-11-10T09:06:07.194722,DOGE,hold,
2025-11-10T09:06:07.194722,BNB,hold,
2025-11-10T09:09:12.891321,ETH,hold,
2025-11-10T09:09:12.891321,SOL,hold,
2025-11-10T09:09:12.891321,XRP,hold,
2025-11-10T09:09:12.891321,BTC,hold,
2025-11-10T09:09:12.891321,DOGE,hold,
2025-11-10T09:09:12.891321,BNB,hold,
2025-11-10T09:12:18.964616,ETH,hold,
2025-11-10T09:12:18.964616,SOL,hold,
2025-11-10T09:12:18.964616,XRP,hold,
2025-11-10T09:12:18.964616,BTC,hold,
2025-11-10T09:12:18.964616,DOGE,hold,
2025-11-10T09:12:18.964616,BNB,hold,
2025-11-10T09:15:24.769040,ETH,hold,
2025-11-10T09:15:24.769040,SOL,hold,
2025-11-10T09:15:24.769040,XRP,hold,
2025-11-10T09:15:24.769040,BTC,hold,
2025-11-10T09:15:24.769040,DOGE,hold,
2025-11-10T09:15:24.769040,BNB,hold,
2025-11-10T09:18:30.604960,ETH,hold,
2025-11-10T09:18:30.604960,SOL,hold,
2025-11-10T09:18:30.604960,XRP,hold,
2025-11-10T09:18:30.604960,BTC,hold,
2025-11-10T09:18:30.604960,DOGE,hold,
2025-11-10T09:18:30.604960,BNB,hold,
2025-11-10T09:21:36.545611,ETH,hold,
2025-11-10T09:21:36.545611,SOL,hold,
2025-11-10T09:21:36.545611,XRP,hold,
2025-11-10T09:21:36.545611,BTC,hold,
2025-11-10T09:21:36.545611,DOGE,hold,
2025-11-10T09:21:36.545611,BNB,hold,
2025-11-10T09:24:42.426771,ETH,hold,
2025-11-10T09:24:42.426771,SOL,hold,
2025-11-10T09:24:42.426771,XRP,hold,
2025-11-10T09:24:42.426771,BTC,hold,
2025-11-10T09:24:42.426771,DOGE,hold,
2025-11-10T09:24:42.426771,BNB,hold,
2025-11-10T09:27:48.478721,ETH,hold,
2025-11-10T09:27:48.478721,SOL,hold,
2025-11-10T09:27:48.478721,XRP,hold,
2025-11-10T09:27:48.478721,BTC,hold,
2025-11-10T09:27:48.478721,DOGE,hold,
2025-11-10T09:27:48.478721,BNB,hold,
2025-11-10T09:53:46.832944,ETH,hold,
2025-11-10T09:53:46.832944,SOL,hold,
2025-11-10T09:53:46.832944,XRP,hold,
2025-11-10T09:53:46.832944,BTC,hold,
2025-11-10T09:53:46.832944,DOGE,hold,
2025-11-10T09:53:46.832944,BNB,hold,
2025-11-10T09:56:52.902249,ETH,hold,
2025-11-10T09:56:52.902249,SOL,hold,
2025-11-10T09:56:52.902249,XRP,hold,
2025-11-10T09:56:52.902249,BTC,hold,
2025-11-10T09:56:52.902249,DOGE,hold,
2025-11-10T09:56:52.902249,BNB,hold,
2025-11-10T09:59:58.899713,ETH,hold,
2025-11-10T09:59:58.899713,SOL,hold,
2025-11-10T09:59:58.899713,XRP,hold,
2025-11-10T09:59:58.899713,BTC,hold,
2025-11-10T09:59:58.899713,DOGE,hold,
2025-11-10T09:59:58.899713,BNB,hold,
2025-11-10T10:03:04.833899,ETH,hold,
2025-11-10T10:03:04.833899,SOL,hold,
2025-11-10T10:03:04.833899,XRP,close,
2025-11-10T10:03:04.833899,BTC,hold,
2025-11-10T10:03:04.833899,DOGE,hold,
2025-11-10T10:03:04.833899,BNB,hold,
2025-11-10T10:06:10.760591,ETH,hold,
2025-11-10T10:06:10.760591,SOL,hold,
2025-11-10T10:06:10.760591,XRP,entry,
2025-11-10T10:06:10.760591,BTC,hold,
2025-11-10T10:06:10.760591,DOGE,hold,
2025-11-10T10:06:10.760591,BNB,hold,
2025-11-10T10:09:16.825307,ETH,hold,
2025-11-10T10:09:16.825307,SOL,hold,
2025-11-10T10:09:16.825307,XRP,hold,
2025-11-10T10:09:16.825307,BTC,hold,
2025-11-10T10:09:16.825307,DOGE,hold,
2025-11-10T10:09:16.825307,BNB,hold,
2025-11-10T10:12:22.694743,ETH,hold,
2025-11-10T10:12:22.694743,SOL,hold,
2025-11-10T10:12:22.694743,XRP,hold,
2025-11-10T10:12:22.694743,BTC,hold,
2025-11-10T10:12:22.694743,DOGE,hold,
2025-11-10T10:12:22.694743,BNB,hold,
2025-11-10T10:15:28.395431,ETH,hold,
2025-11-10T10:15:28.395431,SOL,hold,
2025-11-10T10:15:28.395431,XRP,hold,
2025-11-10T10:15:28.395431,BTC,hold,
2025-11-10T10:15:28.395431,DOGE,hold,
2025-11-10T10:15:28.395431,BNB,hold,
2025-11-10T10:18:34.069221,ETH,hold,
2025-11-10T10:18:34.069221,SOL,hold,
2025-11-10T10:18:34.069221,XRP,hold,
2025-11-10T10:18:34.069221,BTC,hold,
2025-11-10T10:18:34.069221,DOGE,hold,
2025-11-10T10:18:34.069221,BNB,hold,
2025-11-10T10:21:39.657962,ETH,hold,
2025-11-10T10:21:39.657962,SOL,hold,
2025-11-10T10:21:39.657962,XRP,hold,
2025-11-10T10:21:39.657962,BTC,hold,
2025-11-10T10:21:39.657962,DOGE,hold,
2025-11-10T10:21:39.657962,BNB,hold,
2025-11-10T10:24:45.315024,ETH,hold,
2025-11-10T10:24:45.315024,SOL,hold,
2025-11-10T10:24:45.315024,XRP,hold,
2025-11-10T10:24:45.315024,BTC,hold,
2025-11-10T10:24:45.315024,DOGE,hold,
2025-11-10T10:24:45.315024,BNB,hold,
2025-11-10T10:27:50.992859,ETH,hold,
2025-11-10T10:27:50.992859,SOL,hold,
2025-11-10T10:27:50.992859,XRP,hold,
2025-11-10T10:27:50.992859,BTC,hold,
2025-11-10T10:27:50.992859,DOGE,hold,
2025-11-10T10:27:50.992859,BNB,hold,
2025-11-10T10:30:56.715975,ETH,hold,
2025-11-10T10:30:56.715975,SOL,hold,
2025-11-10T10:30:56.715975,XRP,hold,
2025-11-10T10:30:56.715975,BTC,hold,
2025-11-10T10:30:56.715975,DOGE,hold,
2025-11-10T10:30:56.715975,BNB,hold,
2025-11-10T10:34:02.783026,ETH,hold,
2025-11-10T10:34:02.783026,SOL,hold,
2025-11-10T10:34:02.783026,XRP,hold,
2025-11-10T10:34:02.783026,BTC,hold,
2025-11-10T10:34:02.783026,DOGE,hold,
2025-11-10T10:34:02.783026,BNB,hold,
2025-11-10T10:37:08.627678,ETH,hold,
2025-11-10T10:37:08.627678,SOL,hold,
2025-11-10T10:37:08.627678,XRP,hold,
2025-11-10T10:37:08.627678,BTC,hold,
2025-11-10T10:37:08.627678,DOGE,hold,
2025-11-10T10:37:08.627678,BNB,hold,
2025-11-10T10:40:14.399186,ETH,hold,
2025-11-10T10:40:14.399186,SOL,hold,
2025-11-10T10:40:14.399186,XRP,hold,
2025-11-10T10:40:14.399186,BTC,hold,
2025-11-10T10:40:14.399186,DOGE,hold,
2025-11-10T10:40:14.399186,BNB,hold,
2025-11-10T10:43:20.546062,ETH,hold,
2025-11-10T10:43:20.546062,SOL,hold,
2025-11-10T10:43:20.546062,XRP,hold,
2025-11-10T10:43:20.546062,BTC,hold,
2025-11-10T10:43:20.546062,DOGE,hold,
2025-11-10T10:43:20.546062,BNB,hold,
2025-11-10T11:06:32.218093,ETH,hold,
2025-11-10T11:06:32.218093,SOL,hold,
2025-11-10T11:06:32.218093,XRP,hold,
2025-11-10T11:06:32.218093,BTC,hold,
2025-11-10T11:06:32.218093,DOGE,hold,
2025-11-10T11:06:32.218093,BNB,hold,
2025-11-10T11:10:49.090496,ETH,hold,
2025-11-10T11:10:49.090496,SOL,hold,
2025-11-10T11:10:49.090496,XRP,hold,
2025-11-10T11:10:49.090496,BTC,hold,
2025-11-10T11:10:49.090496,DOGE,hold,
2025-11-10T11:10:49.090496,BNB,hold,
2025-11-10T11:13:54.870558,ETH,hold,
2025-11-10T11:13:54.870558,SOL,hold,
2025-11-10T11:13:54.870558,XRP,hold,
2025-11-10T11:13:54.870558,BTC,hold,
2025-11-10T11:13:54.870558,DOGE,hold,
2025-11-10T11:13:54.870558,BNB,hold,
2025-11-10T11:17:00.915766,ETH,hold,
2025-11-10T11:17:00.915766,SOL,hold,
2025-11-10T11:17:00.915766,XRP,hold,
2025-11-10T11:17:00.915766,BTC,hold,
2025-11-10T11:17:00.915766,DOGE,hold,
2025-11-10T11:17:00.915766,BNB,hold,
2025-11-10T11:20:07.273467,ETH,hold,
2025-11-10T11:20:07.273467,SOL,hold,
2025-11-10T11:20:07.273467,XRP,hold,
2025-11-10T11:20:07.273467,BTC,hold,
2025-11-10T11:20:07.273467,DOGE,hold,
2025-11-10T11:20:07.273467,BNB,hold,
2025-11-10T11:38:20.187542,ETH,hold,
2025-11-10T11:38:20.187542,SOL,hold,
2025-11-10T11:38:20.187542,XRP,hold,
2025-11-10T11:38:20.187542,BTC,hold,
2025-11-10T11:38:20.187542,DOGE,hold,
2025-11-10T11:38:20.187542,BNB,hold,
2025-11-10T12:04:50.360316,ETH,hold,
2025-11-10T12:04:50.360316,SOL,hold,
2025-11-10T12:04:50.360316,XRP,hold,
2025-11-10T12:04:50.360316,BTC,hold,
2025-11-10T12:04:50.360316,DOGE,hold,
2025-11-10T12:04:50.360316,BNB,hold,
2025-11-10T12:07:56.153027,ETH,hold,
2025-11-10T12:07:56.153027,SOL,hold,
2025-11-10T12:07:56.153027,XRP,hold,
2025-11-10T12:07:56.153027,BTC,hold,
2025-11-10T12:07:56.153027,DOGE,hold,
2025-11-10T12:07:56.153027,BNB,hold,
2025-11-10T12:11:01.894248,ETH,hold,
2025-11-10T12:11:01.894248,SOL,hold,
2025-11-10T12:11:01.894248,XRP,hold,
2025-11-10T12:11:01.894248,BTC,hold,
2025-11-10T12:11:01.894248,DOGE,hold,
2025-11-10T12:11:01.894248,BNB,hold,
2025-11-10T12:14:07.565174,ETH,hold,
2025-11-10T12:14:07.565174,SOL,hold,
2025-11-10T12:14:07.565174,XRP,hold,
2025-11-10T12:14:07.565174,BTC,hold,
2025-11-10T12:14:07.565174,DOGE,hold,
2025-11-10T12:14:07.565174,BNB,hold,
2025-11-10T12:17:13.408634,ETH,hold,
2025-11-10T12:17:13.408634,SOL,hold,
2025-11-10T12:17:13.408634,XRP,hold,
2025-11-10T12:17:13.408634,BTC,hold,
2025-11-10T12:17:13.408634,DOGE,hold,
2025-11-10T12:17:13.408634,BNB,hold,
2025-11-10T12:20:19.352165,ETH,hold,
2025-11-10T12:20:19.352165,SOL,hold,
2025-11-10T12:20:19.352165,XRP,hold,
2025-11-10T12:20:19.352165,BTC,hold,
2025-11-10T12:20:19.352165,DOGE,hold,
2025-11-10T12:20:19.352165,BNB,hold,
2025-11-10T12:33:30.853688,ETH,hold,
2025-11-10T12:33:30.853688,SOL,hold,
2025-11-10T12:33:30.853688,XRP,hold,
2025-11-10T12:33:30.853688,BTC,hold,
2025-11-10T12:33:30.853688,DOGE,hold,
2025-11-10T12:33:30.853688,BNB,hold,
2025-11-10T13:17:33.131660,ETH,hold,
2025-11-10T13:17:33.131660,SOL,hold,
2025-11-10T13:17:33.131660,XRP,hold,
2025-11-10T13:17:33.131660,BTC,hold,
2025-11-10T13:17:33.131660,DOGE,hold,
2025-11-10T13:17:33.131660,BNB,hold,
2025-11-13T02:33:29.561861,ETH,entry,
2025-11-13T02:33:29.561861,SOL,entry,
2025-11-13T02:33:29.561861,XRP,entry,
2025-11-13T02:33:29.561861,BTC,entry,
2025-11-13T02:33:29.561861,DOGE,entry,
2025-11-13T02:33:29.561861,BNB,entry,
2025-11-13T02:36:36.354479,ETH,hold,
2025-11-13T02:36:36.354479,SOL,hold,
2025-11-13T02:36:36.354479,XRP,hold,
2025-11-13T02:36:36.354479,BTC,hold,
2025-11-13T02:36:36.354479,DOGE,hold,
2025-11-13T02:36:36.354479,BNB,hold,
2025-11-13T02:39:43.227610,ETH,hold,
2025-11-13T02:39:43.227610,SOL,hold,
2025-11-13T02:39:43.227610,XRP,hold,
2025-11-13T02:39:43.227610,BTC,hold,
2025-11-13T02:39:43.227610,DOGE,hold,
2025-11-13T02:39:43.227610,BNB,hold,
2025-11-13T02:42:50.330720,ETH,hold,
2025-11-13T02:42:50.330720,SOL,hold,
2025-11-13T02:42:50.330720,XRP,hold,
2025-11-13T02:42:50.330720,BTC,hold,
2025-11-13T02:42:50.330720,DOGE,hold,
2025-11-13T02:42:50.330720,BNB,hold,
2025-11-13T02:45:57.402928,ETH,hold,
2025-11-13T02:45:57.402928,SOL,hold,
2025-11-13T02:45:57.402928,XRP,hold,
2025-11-13T02:45:57.402928,BTC,hold,
2025-11-13T02:45:57.402928,DOGE,hold,
2025-11-13T02:45:57.402928,BNB,hold,
2025-11-13T02:49:04.351632,ETH,hold,
2025-11-13T02:49:04.351632,SOL,hold,
2025-11-13T02:49:04.351632,XRP,hold,
2025-11-13T02:49:04.351632,BTC,hold,
2025-11-13T02:49:04.351632,DOGE,hold,
2025-11-13T02:49:04.351632,BNB,hold,
2025-11-13T02:52:11.335079,ETH,hold,
2025-11-13T02:52:11.335079,SOL,hold,
2025-11-13T02:52:11.335079,XRP,hold,
2025-11-13T02:52:11.335079,BTC,hold,
2025-11-13T02:52:11.335079,DOGE,hold,
2025-11-13T02:52:11.335079,BNB,hold,
2025-11-13T02:55:19.794017,ETH,hold,
2025-11-13T02:55:19.794017,SOL,hold,
2025-11-13T02:55:19.794017,XRP,hold,
2025-11-13T02:55:19.794017,BTC,hold,
2025-11-13T02:55:19.794017,DOGE,hold,
2025-11-13T02:55:19.794017,BNB,hold,
2025-11-13T02:58:27.035147,ETH,hold,
2025-11-13T02:58:27.035147,SOL,hold,
2025-11-13T02:58:27.035147,XRP,hold,
2025-11-13T02:58:27.035147,BTC,hold,
2025-11-13T02:58:27.035147,DOGE,hold,
2025-11-13T02:58:27.035147,BNB,hold,
2025-11-13T03:01:33.699378,ETH,hold,
2025-11-13T03:01:33.699378,SOL,hold,
2025-11-13T03:01:33.699378,XRP,hold,
2025-11-13T03:01:33.699378,BTC,hold,
2025-11-13T03:01:33.699378,DOGE,hold,
2025-11-13T03:01:33.699378,BNB,hold,
2025-11-13T03:04:40.652113,ETH,hold,
2025-11-13T03:04:40.652113,SOL,hold,
2025-11-13T03:04:40.652113,XRP,hold,
2025-11-13T03:04:40.652113,BTC,hold,
2025-11-13T03:04:40.652113,DOGE,hold,
2025-11-13T03:04:40.652113,BNB,hold,
2025-11-13T03:07:47.385867,ETH,hold,
2025-11-13T03:07:47.385867,SOL,hold,
2025-11-13T03:07:47.385867,XRP,hold,
2025-11-13T03:07:47.385867,BTC,hold,
2025-11-13T03:07:47.385867,DOGE,hold,
2025-11-13T03:07:47.385867,BNB,hold,
2025-11-13T03:10:54.299329,ETH,hold,
2025-11-13T03:10:54.299329,SOL,hold,
2025-11-13T03:10:54.299329,XRP,hold,
2025-11-13T03:10:54.299329,BTC,hold,
2025-11-13T03:10:54.299329,DOGE,hold,
2025-11-13T03:10:54.299329,BNB,hold,
2025-11-13T03:14:01.042335,ETH,hold,
2025-11-13T03:14:01.042335,SOL,hold,
2025-11-13T03:14:01.042335,XRP,hold,
2025-11-13T03:14:01.042335,BTC,hold,
2025-11-13T03:14:01.042335,DOGE,hold,
2025-11-13T03:14:01.042335,BNB,hold,
2025-11-13T03:17:08.098509,ETH,hold,
2025-11-13T03:17:08.098509,SOL,hold,
2025-11-13T03:17:08.098509,XRP,hold,
2025-11-13T03:17:08.098509,BTC,hold,
2025-11-13T03:17:08.098509,DOGE,hold,
2025-11-13T03:17:08.098509,BNB,hold,
2025-11-13T03:20:15.990626,ETH,hold,
2025-11-13T03:20:15.990626,SOL,hold,
2025-11-13T03:20:15.990626,XRP,hold,
2025-11-13T03:20:15.990626,BTC,hold,
2025-11-13T03:20:15.990626,DOGE,hold,
2025-11-13T03:20:15.990626,BNB,hold,
2025-11-13T03:23:23.084180,ETH,hold,
2025-11-13T03:23:23.084180,SOL,hold,
2025-11-13T03:23:23.084180,XRP,hold,
2025-11-13T03:23:23.084180,BTC,hold,
2025-11-13T03:23:23.084180,DOGE,hold,
2025-11-13T03:23:23.084180,BNB,hold,
2025-11-13T03:26:30.055800,ETH,hold,
2025-11-13T03:26:30.055800,SOL,hold,
2025-11-13T03:26:30.055800,XRP,hold,
2025-11-13T03:26:30.055800,BTC,hold,
2025-11-13T03:26:30.055800,DOGE,hold,
2025-11-13T03:26:30.055800,BNB,hold,
2025-11-13T03:29:36.883101,ETH,hold,
2025-11-13T03:29:36.883101,SOL,hold,
2025-11-13T03:29:36.883101,XRP,hold,
2025-11-13T03:29:36.883101,BTC,hold,
2025-11-13T03:29:36.883101,DOGE,hold,
2025-11-13T03:29:36.883101,BNB,hold,
2025-11-13T03:32:43.736861,ETH,hold,
2025-11-13T03:32:43.736861,SOL,hold,
2025-11-13T03:32:43.736861,XRP,hold,
2025-11-13T03:32:43.736861,BTC,hold,
2025-11-13T03:32:43.736861,DOGE,hold,
2025-11-13T03:32:43.736861,BNB,hold,
2025-11-13T03:35:51.789683,ETH,hold,
2025-11-13T03:35:51.789683,SOL,hold,
2025-11-13T03:35:51.789683,XRP,hold,
2025-11-13T03:35:51.789683,BTC,hold,
2025-11-13T03:35:51.789683,DOGE,hold,
2025-11-13T03:35:51.789683,BNB,hold,
2025-11-13T03:38:58.490135,ETH,hold,
2025-11-13T03:38:58.490135,SOL,hold,
2025-11-13T03:38:58.490135,XRP,hold,
2025-11-13T03:38:58.490135,BTC,hold,
2025-11-13T03:38:58.490135,DOGE,hold,
2025-11-13T03:38:58.490135,BNB,hold,
2025-11-13T03:42:06.085166,ETH,hold,
2025-11-13T03:42:06.085166,SOL,hold,
2025-11-13T03:42:06.085166,XRP,hold,
2025-11-13T03:42:06.085166,BTC,hold,
2025-11-13T03:42:06.085166,DOGE,hold,
2025-11-13T03:42:06.085166,BNB,hold,
2025-11-13T03:45:13.157827,ETH,hold,
2025-11-13T03:45:13.157827,SOL,hold,
2025-11-13T03:45:13.157827,XRP,hold,
2025-11-13T03:45:13.157827,BTC,hold,
2025-11-13T03:45:13.157827,DOGE,hold,
2025-11-13T03:45:13.157827,BNB,hold,
2025-11-13T03:48:21.060960,ETH,hold,
2025-11-13T03:48:21.060960,SOL,hold,
2025-11-13T03:48:21.060960,XRP,hold,
2025-11-13T03:48:21.060960,BTC,hold,
2025-11-13T03:48:21.060960,DOGE,hold,
2025-11-13T03:48:21.060960,BNB,hold,
2025-11-13T03:51:28.000703,ETH,hold,
2025-11-13T03:51:28.000703,SOL,hold,
2025-11-13T03:51:28.000703,XRP,hold,
2025-11-13T03:51:28.000703,BTC,hold,
2025-11-13T03:51:28.000703,DOGE,hold,
2025-11-13T03:51:28.000703,BNB,hold,
2025-11-13T03:54:35.094057,ETH,hold,
2025-11-13T03:54:35.094057,SOL,hold,
2025-11-13T03:54:35.094057,XRP,hold,
2025-11-13T03:54:35.094057,BTC,hold,
2025-11-13T03:54:35.094057,DOGE,hold,
2025-11-13T03:54:35.094057,BNB,hold,
2025-11-13T03:57:42.509690,ETH,hold,
2025-11-13T03:57:42.509690,SOL,hold,
2025-11-13T03:57:42.509690,XRP,hold,
2025-11-13T03:57:42.509690,BTC,hold,
2025-11-13T03:57:42.509690,DOGE,hold,
2025-11-13T03:57:42.509690,BNB,hold,
2025-11-13T04:00:49.595038,ETH,hold,
2025-11-13T04:00:49.595038,SOL,hold,
2025-11-13T04:00:49.595038,XRP,hold,
2025-11-13T04:00:49.595038,BTC,hold,
2025-11-13T04:00:49.595038,DOGE,hold,
2025-11-13T04:00:49.595038,BNB,hold,
2025-11-13T04:03:57.247488,ETH,hold,
2025-11-13T04:03:57.247488,SOL,hold,
2025-11-13T04:03:57.247488,XRP,hold,
2025-11-13T04:03:57.247488,BTC,hold,
2025-11-13T04:03:57.247488,DOGE,hold,
2025-11-13T04:03:57.247488,BNB,hold,
2025-11-13T04:07:06.524022,ETH,hold,
2025-11-13T04:07:06.524022,SOL,hold,
2025-11-13T04:07:06.524022,XRP,hold,
2025-11-13T04:07:06.524022,BTC,hold,
2025-11-13T04:07:06.524022,DOGE,hold,
2025-11-13T04:07:06.524022,BNB,hold,
2025-11-13T04:10:14.034015,ETH,hold,
2025-11-13T04:10:14.034015,SOL,hold,
2025-11-13T04:10:14.034015,XRP,hold,
2025-11-13T04:10:14.034015,BTC,hold,
2025-11-13T04:10:14.034015,DOGE,hold,
2025-11-13T04:10:14.034015,BNB,hold,
2025-11-13T04:13:21.831860,ETH,hold,
2025-11-13T04:13:21.831860,SOL,hold,
2025-11-13T04:13:21.831860,XRP,hold,
2025-11-13T04:13:21.831860,BTC,hold,
2025-11-13T04:13:21.831860,DOGE,hold,
2025-11-13T04:13:21.831860,BNB,hold,
2025-11-13T04:16:30.574505,ETH,hold,
2025-11-13T04:16:30.574505,SOL,hold,
2025-11-13T04:16:30.574505,XRP,hold,
2025-11-13T04:16:30.574505,BTC,hold,
2025-11-13T04:16:30.574505,DOGE,hold,
2025-11-13T04:16:30.574505,BNB,hold,
2025-11-13T04:19:38.232398,ETH,hold,
2025-11-13T04:19:38.232398,SOL,hold,
2025-11-13T04:19:38.232398,XRP,hold,
2025-11-13T04:19:38.232398,BTC,hold,
2025-11-13T04:19:38.232398,DOGE,hold,
2025-11-13T04:19:38.232398,BNB,hold,
2025-11-13T04:22:46.532314,ETH,hold,
2025-11-13T04:22:46.532314,SOL,hold,
2025-11-13T04:22:46.532314,XRP,hold,
2025-11-13T04:22:46.532314,BTC,hold,
2025-11-13T04:22:46.532314,DOGE,hold,
2025-11-13T04:22:46.532314,BNB,hold,
2025-11-13T04:25:53.611345,ETH,hold,
2025-11-13T04:25:53.611345,SOL,hold,
2025-11-13T04:25:53.611345,XRP,hold,
2025-11-13T04:25:53.611345,BTC,hold,
2025-11-13T04:25:53.611345,DOGE,hold,
2025-11-13T04:25:53.611345,BNB,hold,
2025-11-13T04:29:01.049977,ETH,hold,
2025-11-13T04:29:01.049977,SOL,hold,
2025-11-13T04:29:01.049977,XRP,hold,
2025-11-13T04:29:01.049977,BTC,hold,
2025-11-13T04:29:01.049977,DOGE,hold,
2025-11-13T04:29:01.049977,BNB,hold,
2025-11-13T04:32:08.350200,ETH,hold,
2025-11-13T04:32:08.350200,SOL,hold,
2025-11-13T04:32:08.350200,XRP,hold,
2025-11-13T04:32:08.350200,BTC,hold,
2025-11-13T04:32:08.350200,DOGE,hold,
2025-11-13T04:32:08.350200,BNB,hold,
2025-11-13T04:35:17.322948,ETH,hold,
2025-11-13T04:35:17.322948,SOL,hold,
2025-11-13T04:35:17.322948,XRP,hold,
2025-11-13T04:35:17.322948,BTC,hold,
2025-11-13T04:35:17.322948,DOGE,hold,
2025-11-13T04:35:17.322948,BNB,hold,
2025-11-13T04:38:24.721811,ETH,hold,
2025-11-13T04:38:24.721811,SOL,hold,
2025-11-13T04:38:24.721811,XRP,hold,
2025-11-13T04:38:24.721811,BTC,hold,
2025-11-13T04:38:24.721811,DOGE,hold,
2025-11-13T04:38:24.721811,BNB,hold,
2025-11-13T04:41:32.937540,ETH,hold,
2025-11-13T04:41:32.937540,SOL,hold,
2025-11-13T04:41:32.937540,XRP,hold,
2025-11-13T04:41:32.937540,BTC,hold,
2025-11-13T04:41:32.937540,DOGE,hold,
2025-11-13T04:41:32.937540,BNB,hold,
2025-11-13T04:44:40.426723,ETH,hold,
2025-11-13T04:44:40.426723,SOL,hold,
2025-11-13T04:44:40.426723,XRP,hold,
2025-11-13T04:44:40.426723,BTC,hold,
2025-11-13T04:44:40.426723,DOGE,hold,
2025-11-13T04:44:40.426723,BNB,hold,
2025-11-13T04:47:49.157093,ETH,hold,
2025-11-13T04:47:49.157093,SOL,hold,
2025-11-13T04:47:49.157093,XRP,hold,
2025-11-13T04:47:49.157093,BTC,hold,
2025-11-13T04:47:49.157093,DOGE,hold,
2025-11-13T04:47:49.157093,BNB,hold,
2025-11-13T04:50:58.989678,ETH,hold,
2025-11-13T04:50:58.989678,SOL,hold,
2025-11-13T04:50:58.989678,XRP,hold,
2025-11-13T04:50:58.989678,BTC,hold,
2025-11-13T04:50:58.989678,DOGE,hold,
2025-11-13T04:50:58.989678,BNB,hold,
2025-11-13T04:54:07.199124,ETH,hold,
2025-11-13T04:54:07.199124,SOL,hold,
2025-11-13T04:54:07.199124,XRP,hold,
2025-11-13T04:54:07.199124,BTC,hold,
2025-11-13T04:54:07.199124,DOGE,hold,
2025-11-13T04:54:07.199124,BNB,hold,
2025-11-13T04:57:19.194806,ETH,hold,
2025-11-13T04:57:19.194806,SOL,hold,
2025-11-13T04:57:19.194806,XRP,hold,
2025-11-13T04:57:19.194806,BTC,hold,
2025-11-13T04:57:19.194806,DOGE,hold,
2025-11-13T04:57:19.194806,BNB,hold,
2025-11-13T05:00:29.731416,ETH,hold,
2025-11-13T05:00:29.731416,SOL,hold,
2025-11-13T05:00:29.731416,XRP,hold,
2025-11-13T05:00:29.731416,BTC,hold,
2025-11-13T05:00:29.731416,DOGE,hold,
2025-11-13T05:00:29.731416,BNB,hold,
2025-11-13T05:03:40.536772,ETH,hold,
2025-11-13T05:03:40.536772,SOL,hold,
2025-11-13T05:03:40.536772,XRP,hold,
2025-11-13T05:03:40.536772,BTC,hold,
2025-11-13T05:03:40.536772,DOGE,hold,
2025-11-13T05:03:40.536772,BNB,hold,
2025-11-13T05:06:51.106638,ETH,hold,
2025-11-13T05:06:51.106638,SOL,hold,
2025-11-13T05:06:51.106638,XRP,hold,
2025-11-13T05:06:51.106638,BTC,hold,
2025-11-13T05:06:51.106638,DOGE,hold,
2025-11-13T05:06:51.106638,BNB,hold,
2025-11-13T05:10:02.903093,ETH,hold,
2025-11-13T05:10:02.903093,SOL,hold,
2025-11-13T05:10:02.903093,XRP,hold,
2025-11-13T05:10:02.903093,BTC,hold,
2025-11-13T05:10:02.903093,DOGE,hold,
2025-11-13T05:10:02.903093,BNB,hold,
2025-11-13T05:13:13.367571,ETH,hold,
2025-11-13T05:13:13.367571,SOL,hold,
2025-11-13T05:13:13.367571,XRP,hold,
2025-11-13T05:13:13.367571,BTC,hold,
2025-11-13T05:13:13.367571,DOGE,hold,
2025-11-13T05:13:13.367571,BNB,hold,
2025-11-13T05:16:21.785738,ETH,hold,
2025-11-13T05:16:21.785738,SOL,hold,
2025-11-13T05:16:21.785738,XRP,hold,
2025-11-13T05:16:21.785738,BTC,hold,
2025-11-13T05:16:21.785738,DOGE,hold,
2025-11-13T05:16:21.785738,BNB,hold,
2025-11-13T05:19:33.890760,ETH,hold,
2025-11-13T05:19:33.890760,SOL,hold,
2025-11-13T05:19:33.890760,XRP,hold,
2025-11-13T05:19:33.890760,BTC,hold,
2025-11-13T05:19:33.890760,DOGE,hold,
2025-11-13T05:19:33.890760,BNB,hold,
2025-11-13T05:22:40.231918,ETH,hold,
2025-11-13T05:22:40.231918,SOL,hold,
2025-11-13T05:22:40.231918,XRP,hold,
2025-11-13T05:22:40.231918,BTC,hold,
2025-11-13T05:22:40.231918,DOGE,hold,
2025-11-13T05:22:40.231918,BNB,hold,
2025-11-13T05:25:46.289234,ETH,hold,
2025-11-13T05:25:46.289234,SOL,hold,
2025-11-13T05:25:46.289234,XRP,hold,
2025-11-13T05:25:46.289234,BTC,hold,
2025-11-13T05:25:46.289234,DOGE,hold,
2025-11-13T05:25:46.289234,BNB,hold,
2025-11-13T05:28:52.931696,ETH,hold,
2025-11-13T05:28:52.931696,SOL,hold,
2025-11-13T05:28:52.931696,XRP,hold,
2025-11-13T05:28:52.931696,BTC,hold,
2025-11-13T05:28:52.931696,DOGE,hold,
2025-11-13T05:28:52.931696,BNB,hold,
2025-11-13T05:31:59.269224,ETH,hold,
2025-11-13T05:31:59.269224,SOL,hold,
2025-11-13T05:31:59.269224,XRP,hold,
2025-11-13T05:31:59.269224,BTC,hold,
2025-11-13T05:31:59.269224,DOGE,hold,
2025-11-13T05:31:59.269224,BNB,hold,
2025-11-13T05:35:06.871982,ETH,hold,
2025-11-13T05:35:06.871982,SOL,hold,
2025-11-13T05:35:06.871982,XRP,hold,
2025-11-13T05:35:06.871982,BTC,hold,
2025-11-13T05:35:06.871982,DOGE,hold,
2025-11-13T05:35:06.871982,BNB,hold,
2025-11-13T05:38:13.343192,ETH,hold,
2025-11-13T05:38:13.343192,SOL,hold,
2025-11-13T05:38:13.343192,XRP,hold,
2025-11-13T05:38:13.343192,BTC,hold,
2025-11-13T05:38:13.343192,DOGE,hold,
2025-11-13T05:38:13.343192,BNB,hold,
2025-11-13T05:41:19.610335,ETH,hold,
2025-11-13T05:41:19.610335,SOL,hold,
2025-11-13T05:41:19.610335,XRP,hold,
2025-11-13T05:41:19.610335,BTC,hold,
2025-11-13T05:41:19.610335,DOGE,hold,
2025-11-13T05:41:19.610335,BNB,hold,
2025-11-13T05:44:27.109692,ETH,hold,
2025-11-13T05:44:27.109692,SOL,hold,
2025-11-13T05:44:27.109692,XRP,hold,
2025-11-13T05:44:27.109692,BTC,hold,
2025-11-13T05:44:27.109692,DOGE,hold,
2025-11-13T05:44:27.109692,BNB,hold,
2025-11-13T05:47:33.272925,ETH,hold,
2025-11-13T05:47:33.272925,SOL,hold,
2025-11-13T05:47:33.272925,XRP,hold,
2025-11-13T05:47:33.272925,BTC,hold,
2025-11-13T05:47:33.272925,DOGE,hold,
2025-11-13T05:47:33.272925,BNB,hold,
2025-11-13T05:50:40.149632,ETH,hold,
2025-11-13T05:50:40.149632,SOL,hold,
2025-11-13T05:50:40.149632,XRP,hold,
2025-11-13T05:50:40.149632,BTC,hold,
2025-11-13T05:50:40.149632,DOGE,hold,
2025-11-13T05:50:40.149632,BNB,hold,
2025-11-13T05:53:46.628837,ETH,hold,
2025-11-13T05:53:46.628837,SOL,hold,
2025-11-13T05:53:46.628837,XRP,hold,
2025-11-13T05:53:46.628837,BTC,hold,
2025-11-13T05:53:46.628837,DOGE,hold,
2025-11-13T05:53:46.628837,BNB,hold,
2025-11-13T05:56:52.998519,ETH,hold,
2025-11-13T05:56:52.998519,SOL,hold,
2025-11-13T05:56:52.998519,XRP,hold,
2025-11-13T05:56:52.998519,BTC,hold,
2025-11-13T05:56:52.998519,DOGE,hold,
2025-11-13T05:56:52.998519,BNB,hold,
2025-11-13T05:59:59.265699,ETH,hold,
2025-11-13T05:59:59.265699,SOL,hold,
2025-11-13T05:59:59.265699,XRP,hold,
2025-11-13T05:59:59.265699,BTC,hold,
2025-11-13T05:59:59.265699,DOGE,hold,
2025-11-13T05:59:59.265699,BNB,hold,
2025-11-13T06:03:05.592767,ETH,hold,
2025-11-13T06:03:05.592767,SOL,hold,
2025-11-13T06:03:05.592767,XRP,hold,
2025-11-13T06:03:05.592767,BTC,hold,
2025-11-13T06:03:05.592767,DOGE,hold,
2025-11-13T06:03:05.592767,BNB,hold,
2025-11-13T06:06:11.804995,ETH,hold,
2025-11-13T06:06:11.804995,SOL,hold,
2025-11-13T06:06:11.804995,XRP,hold,
2025-11-13T06:06:11.804995,BTC,hold,
2025-11-13T06:06:11.804995,DOGE,hold,
2025-11-13T06:06:11.804995,BNB,hold,
2025-11-13T06:09:18.317760,ETH,hold,
2025-11-13T06:09:18.317760,SOL,hold,
2025-11-13T06:09:18.317760,XRP,hold,
2025-11-13T06:09:18.317760,BTC,hold,
2025-11-13T06:09:18.317760,DOGE,hold,
2025-11-13T06:09:18.317760,BNB,hold,
2025-11-13T06:12:24.441830,ETH,hold,
2025-11-13T06:12:24.441830,SOL,hold,
2025-11-13T06:12:24.441830,XRP,hold,
2025-11-13T06:12:24.441830,BTC,hold,
2025-11-13T06:12:24.441830,DOGE,hold,
2025-11-13T06:12:24.441830,BNB,hold,
2025-11-13T06:15:31.222513,ETH,hold,
2025-11-13T06:15:31.222513,SOL,hold,
2025-11-13T06:15:31.222513,XRP,hold,
2025-11-13T06:15:31.222513,BTC,hold,
2025-11-13T06:15:31.222513,DOGE,hold,
2025-11-13T06:15:31.222513,BNB,hold,
2025-11-13T06:18:37.811407,ETH,hold,
2025-11-13T06:18:37.811407,SOL,hold,
2025-11-13T06:18:37.811407,XRP,hold,
2025-11-13T06:18:37.811407,BTC,hold,
2025-11-13T06:18:37.811407,DOGE,hold,
2025-11-13T06:18:37.811407,BNB,hold,
2025-11-13T06:21:44.183364,ETH,hold,
2025-11-13T06:21:44.183364,SOL,hold,
2025-11-13T06:21:44.183364,XRP,hold,
2025-11-13T06:21:44.183364,BTC,hold,
2025-11-13T06:21:44.183364,DOGE,hold,
2025-11-13T06:21:44.183364,BNB,hold,
2025-11-13T06:24:50.500706,ETH,hold,
2025-11-13T06:24:50.500706,SOL,hold,
2025-11-13T06:24:50.500706,XRP,hold,
2025-11-13T06:24:50.500706,BTC,hold,
2025-11-13T06:24:50.500706,DOGE,hold,
2025-11-13T06:24:50.500706,BNB,hold,
2025-11-13T06:27:57.025804,ETH,hold,
2025-11-13T06:27:57.025804,SOL,hold,
2025-11-13T06:27:57.025804,XRP,hold,
2025-11-13T06:27:57.025804,BTC,hold,
2025-11-13T06:27:57.025804,DOGE,hold,
2025-11-13T06:27:57.025804,BNB,hold,
2025-11-13T06:31:03.298209,ETH,hold,
2025-11-13T06:31:03.298209,SOL,hold,
2025-11-13T06:31:03.298209,XRP,hold,
2025-11-13T06:31:03.298209,BTC,hold,
2025-11-13T06:31:03.298209,DOGE,hold,
2025-11-13T06:31:03.298209,BNB,hold,
2025-11-13T06:34:09.582449,ETH,hold,
2025-11-13T06:34:09.582449,SOL,hold,
2025-11-13T06:34:09.582449,XRP,hold,
2025-11-13T06:34:09.582449,BTC,hold,
2025-11-13T06:34:09.582449,DOGE,hold,
2025-11-13T06:34:09.582449,BNB,hold,
2025-11-13T06:37:15.830014,ETH,hold,
2025-11-13T06:37:15.830014,SOL,hold,
2025-11-13T06:37:15.830014,XRP,hold,
2025-11-13T06:37:15.830014,BTC,hold,
2025-11-13T06:37:15.830014,DOGE,hold,
2025-11-13T06:37:15.830014,BNB,hold,
2025-11-13T06:40:22.203174,ETH,hold,
2025-11-13T06:40:22.203174,SOL,hold,
2025-11-13T06:40:22.203174,XRP,hold,
2025-11-13T06:40:22.203174,BTC,hold,
2025-11-13T06:40:22.203174,DOGE,hold,
2025-11-13T06:40:22.203174,BNB,hold,
2025-11-13T06:43:28.472462,ETH,hold,
2025-11-13T06:43:28.472462,SOL,hold,
2025-11-13T06:43:28.472462,XRP,hold,
2025-11-13T06:43:28.472462,BTC,hold,
2025-11-13T06:43:28.472462,DOGE,hold,
2025-11-13T06:43:28.472462,BNB,hold,
2025-11-13T06:46:34.431561,ETH,hold,
2025-11-13T06:46:34.431561,SOL,hold,
2025-11-13T06:46:34.431561,XRP,hold,
2025-11-13T06:46:34.431561,BTC,hold,
2025-11-13T06:46:34.431561,DOGE,hold,
2025-11-13T06:46:34.431561,BNB,hold,
2025-11-13T06:49:40.598103,ETH,hold,
2025-11-13T06:49:40.598103,SOL,hold,
2025-11-13T06:49:40.598103,XRP,hold,
2025-11-13T06:49:40.598103,BTC,hold,
2025-11-13T06:49:40.598103,DOGE,hold,
2025-11-13T06:49:40.598103,BNB,hold,
2025-11-13T06:52:46.764897,ETH,hold,
2025-11-13T06:52:46.764897,SOL,hold,
2025-11-13T06:52:46.764897,XRP,hold,
2025-11-13T06:52:46.764897,BTC,hold,
2025-11-13T06:52:46.764897,DOGE,hold,
2025-11-13T06:52:46.764897,BNB,hold,
2025-11-13T06:55:52.827563,ETH,hold,
2025-11-13T06:55:52.827563,SOL,hold,
2025-11-13T06:55:52.827563,XRP,hold,
2025-11-13T06:55:52.827563,BTC,hold,
2025-11-13T06:55:52.827563,DOGE,hold,
2025-11-13T06:55:52.827563,BNB,hold,
2025-11-13T06:58:59.199925,ETH,hold,
2025-11-13T06:58:59.199925,SOL,hold,
2025-11-13T06:58:59.199925,XRP,hold,
2025-11-13T06:58:59.199925,BTC,hold,
2025-11-13T06:58:59.199925,DOGE,hold,
2025-11-13T06:58:59.199925,BNB,hold,
2025-11-13T07:02:05.767248,ETH,hold,
2025-11-13T07:02:05.767248,SOL,hold,
2025-11-13T07:02:05.767248,XRP,hold,
2025-11-13T07:02:05.767248,BTC,hold,
2025-11-13T07:02:05.767248,DOGE,hold,
2025-11-13T07:02:05.767248,BNB,hold,
2025-11-13T07:05:11.940504,ETH,hold,
2025-11-13T07:05:11.940504,SOL,hold,
2025-11-13T07:05:11.940504,XRP,hold,
2025-11-13T07:05:11.940504,BTC,hold,
2025-11-13T07:05:11.940504,DOGE,hold,
2025-11-13T07:05:11.940504,BNB,hold,
2025-11-13T07:08:18.107254,ETH,hold,
2025-11-13T07:08:18.107254,SOL,hold,
2025-11-13T07:08:18.107254,XRP,hold,
2025-11-13T07:08:18.107254,BTC,hold,
2025-11-13T07:08:18.107254,DOGE,hold,
2025-11-13T07:08:18.107254,BNB,hold,
2025-11-13T07:11:24.377627,ETH,hold,
2025-11-13T07:11:24.377627,SOL,hold,
2025-11-13T07:11:24.377627,XRP,hold,
2025-11-13T07:11:24.377627,BTC,hold,
2025-11-13T07:11:24.377627,DOGE,hold,
2025-11-13T07:11:24.377627,BNB,hold,
2025-11-13T07:14:30.752021,ETH,hold,
2025-11-13T07:14:30.752021,SOL,hold,
2025-11-13T07:14:30.752021,XRP,hold,
2025-11-13T07:14:30.752021,BTC,hold,
2025-11-13T07:14:30.752021,DOGE,hold,
2025-11-13T07:14:30.752021,BNB,hold,
2025-11-13T07:17:36.899713,ETH,hold,
2025-11-13T07:17:36.899713,SOL,hold,
2025-11-13T07:17:36.899713,XRP,hold,
2025-11-13T07:17:36.899713,BTC,hold,
2025-11-13T07:17:36.899713,DOGE,hold,
2025-11-13T07:17:36.899713,BNB,hold,
2025-11-13T07:20:43.389108,ETH,hold,
2025-11-13T07:20:43.389108,SOL,hold,
2025-11-13T07:20:43.389108,XRP,hold,
2025-11-13T07:20:43.389108,BTC,hold,
2025-11-13T07:20:43.389108,DOGE,hold,
2025-11-13T07:20:43.389108,BNB,hold,
2025-11-13T07:23:49.657732,ETH,hold,
2025-11-13T07:23:49.657732,SOL,hold,
2025-11-13T07:23:49.657732,XRP,hold,
2025-11-13T07:23:49.657732,BTC,hold,
2025-11-13T07:23:49.657732,DOGE,hold,
2025-11-13T07:23:49.657732,BNB,hold,
2025-11-13T07:26:56.231445,ETH,hold,
2025-11-13T07:26:56.231445,SOL,hold,
2025-11-13T07:26:56.231445,XRP,hold,
2025-11-13T07:26:56.231445,BTC,hold,
2025-11-13T07:26:56.231445,DOGE,hold,
2025-11-13T07:26:56.231445,BNB,hold,
2025-11-13T07:30:03.013372,ETH,hold,
2025-11-13T07:30:03.013372,SOL,hold,
2025-11-13T07:30:03.013372,XRP,hold,
2025-11-13T07:30:03.013372,BTC,hold,
2025-11-13T07:30:03.013372,DOGE,hold,
2025-11-13T07:30:03.013372,BNB,hold,
2025-11-13T07:33:09.180246,ETH,hold,
2025-11-13T07:33:09.180246,SOL,hold,
2025-11-13T07:33:09.180246,XRP,hold,
2025-11-13T07:33:09.180246,BTC,hold,
2025-11-13T07:33:09.180246,DOGE,hold,
2025-11-13T07:33:09.180246,BNB,hold,
2025-11-13T07:36:15.535143,ETH,hold,
2025-11-13T07:36:15.535143,SOL,hold,
2025-11-13T07:36:15.535143,XRP,hold,
2025-11-13T07:36:15.535143,BTC,hold,
2025-11-13T07:36:15.535143,DOGE,hold,
2025-11-13T07:36:15.535143,BNB,hold,
2025-11-13T07:39:21.797831,ETH,hold,
2025-11-13T07:39:21.797831,SOL,hold,
2025-11-13T07:39:21.797831,XRP,hold,
2025-11-13T07:39:21.797831,BTC,hold,
2025-11-13T07:39:21.797831,DOGE,hold,
2025-11-13T07:39:21.797831,BNB,hold,
2025-11-13T07:42:28.083916,ETH,hold,
2025-11-13T07:42:28.083916,SOL,hold,
2025-11-13T07:42:28.083916,XRP,hold,
2025-11-13T07:42:28.083916,BTC,hold,
2025-11-13T07:42:28.083916,DOGE,hold,
2025-11-13T07:42:28.083916,BNB,hold,
2025-11-13T07:45:34.449117,ETH,hold,
2025-11-13T07:45:34.449117,SOL,hold,
2025-11-13T07:45:34.449117,XRP,hold,
2025-11-13T07:45:34.449117,BTC,hold,
2025-11-13T07:45:34.449117,DOGE,hold,
2025-11-13T07:45:34.449117,BNB,hold,
2025-11-13T07:48:40.508345,ETH,hold,
2025-11-13T07:48:40.508345,SOL,hold,
2025-11-13T07:48:40.508345,XRP,hold,
2025-11-13T07:48:40.508345,BTC,hold,
2025-11-13T07:48:40.508345,DOGE,hold,
2025-11-13T07:48:40.508345,BNB,hold,
2025-11-13T07:51:46.773658,ETH,hold,
2025-11-13T07:51:46.773658,SOL,hold,
2025-11-13T07:51:46.773658,XRP,hold,
2025-11-13T07:51:46.773658,BTC,hold,
2025-11-13T07:51:46.773658,DOGE,hold,
2025-11-13T07:51:46.773658,BNB,hold,
2025-11-13T07:54:52.997179,ETH,hold,
2025-11-13T07:54:52.997179,SOL,hold,
2025-11-13T07:54:52.997179,XRP,hold,
2025-11-13T07:54:52.997179,BTC,hold,
2025-11-13T07:54:52.997179,DOGE,hold,
2025-11-13T07:54:52.997179,BNB,hold,
2025-11-13T07:57:59.203389,ETH,hold,
2025-11-13T07:57:59.203389,SOL,hold,
2025-11-13T07:57:59.203389,XRP,hold,
2025-11-13T07:57:59.203389,BTC,hold,
2025-11-13T07:57:59.203389,DOGE,hold,
2025-11-13T07:57:59.203389,BNB,hold,
2025-11-13T08:01:05.565920,ETH,hold,
2025-11-13T08:01:05.565920,SOL,hold,
2025-11-13T08:01:05.565920,XRP,hold,
2025-11-13T08:01:05.565920,BTC,hold,
2025-11-13T08:01:05.565920,DOGE,hold,
2025-11-13T08:01:05.565920,BNB,hold,
2025-11-13T08:04:11.934341,ETH,hold,
2025-11-13T08:04:11.934341,SOL,hold,
2025-11-13T08:04:11.934341,XRP,hold,
2025-11-13T08:04:11.934341,BTC,hold,
2025-11-13T08:04:11.934341,DOGE,hold,
2025-11-13T08:04:11.934341,BNB,hold,
2025-11-13T08:07:18.246615,ETH,hold,
2025-11-13T08:07:18.246615,SOL,hold,
2025-11-13T08:07:18.246615,XRP,hold,
2025-11-13T08:07:18.246615,BTC,hold,
2025-11-13T08:07:18.246615,DOGE,hold,
2025-11-13T08:07:18.246615,BNB,hold,
2025-11-13T08:10:24.560504,ETH,hold,
2025-11-13T08:10:24.560504,SOL,hold,
2025-11-13T08:10:24.560504,XRP,hold,
2025-11-13T08:10:24.560504,BTC,hold,
2025-11-13T08:10:24.560504,DOGE,hold,
2025-11-13T08:10:24.560504,BNB,hold,
2025-11-13T08:13:31.441342,ETH,hold,
2025-11-13T08:13:31.441342,SOL,hold,
2025-11-13T08:13:31.441342,XRP,hold,
2025-11-13T08:13:31.441342,BTC,hold,
2025-11-13T08:13:31.441342,DOGE,hold,
2025-11-13T08:13:31.441342,BNB,hold,
2025-11-13T08:16:37.498912,ETH,hold,
2025-11-13T08:16:37.498912,SOL,hold,
2025-11-13T08:16:37.498912,XRP,hold,
2025-11-13T08:16:37.498912,BTC,hold,
2025-11-13T08:16:37.498912,DOGE,hold,
2025-11-13T08:16:37.498912,BNB,hold,
2025-11-13T08:19:43.556242,ETH,hold,
2025-11-13T08:19:43.556242,SOL,hold,
2025-11-13T08:19:43.556242,XRP,hold,
2025-11-13T08:19:43.556242,BTC,hold,
2025-11-13T08:19:43.556242,DOGE,hold,
2025-11-13T08:19:43.556242,BNB,hold,
2025-11-13T08:22:49.821498,ETH,hold,
2025-11-13T08:22:49.821498,SOL,hold,
2025-11-13T08:22:49.821498,XRP,hold,
2025-11-13T08:22:49.821498,BTC,hold,
2025-11-13T08:22:49.821498,DOGE,hold,
2025-11-13T08:22:49.821498,BNB,hold,
2025-11-13T08:25:56.085744,ETH,hold,
2025-11-13T08:25:56.085744,SOL,hold,
2025-11-13T08:25:56.085744,XRP,hold,
2025-11-13T08:25:56.085744,BTC,hold,
2025-11-13T08:25:56.085744,DOGE,hold,
2025-11-13T08:25:56.085744,BNB,hold,
2025-11-13T08:29:02.144064,ETH,hold,
2025-11-13T08:29:02.144064,SOL,hold,
2025-11-13T08:29:02.144064,XRP,hold,
2025-11-13T08:29:02.144064,BTC,hold,
2025-11-13T08:29:02.144064,DOGE,hold,
2025-11-13T08:29:02.144064,BNB,hold,
2025-11-13T08:32:08.207759,ETH,hold,
2025-11-13T08:32:08.207759,SOL,hold,
2025-11-13T08:32:08.207759,XRP,hold,
2025-11-13T08:32:08.207759,BTC,hold,
2025-11-13T08:32:08.207759,DOGE,hold,
2025-11-13T08:32:08.207759,BNB,hold,
2025-11-13T08:35:14.573430,ETH,hold,
2025-11-13T08:35:14.573430,SOL,hold,
2025-11-13T08:35:14.573430,XRP,hold,
2025-11-13T08:35:14.573430,BTC,hold,
2025-11-13T08:35:14.573430,DOGE,hold,
2025-11-13T08:35:14.573430,BNB,hold,
2025-11-13T08:38:20.835596,ETH,hold,
2025-11-13T08:38:20.835596,SOL,hold,
2025-11-13T08:38:20.835596,XRP,hold,
2025-11-13T08:38:20.835596,BTC,hold,
2025-11-13T08:38:20.835596,DOGE,hold,
2025-11-13T08:38:20.835596,BNB,hold,
2025-11-13T08:41:26.954615,ETH,hold,
2025-11-13T08:41:26.954615,SOL,hold,
2025-11-13T08:41:26.954615,XRP,hold,
2025-11-13T08:41:26.954615,BTC,hold,
2025-11-13T08:41:26.954615,DOGE,hold,
2025-11-13T08:41:26.954615,BNB,hold,
2025-11-13T08:44:33.054792,ETH,hold,
2025-11-13T08:44:33.054792,SOL,hold,
2025-11-13T08:44:33.054792,XRP,hold,
2025-11-13T08:44:33.054792,BTC,hold,
2025-11-13T08:44:33.054792,DOGE,hold,
2025-11-13T08:44:33.054792,BNB,hold,
2025-11-13T08:47:39.265489,ETH,hold,
2025-11-13T08:47:39.265489,SOL,hold,
2025-11-13T08:47:39.265489,XRP,hold,
2025-11-13T08:47:39.265489,BTC,hold,
2025-11-13T08:47:39.265489,DOGE,hold,
2025-11-13T08:47:39.265489,BNB,hold,
2025-11-13T08:50:45.482337,ETH,hold,
2025-11-13T08:50:45.482337,SOL,hold,
2025-11-13T08:50:45.482337,XRP,hold,
2025-11-13T08:50:45.482337,BTC,hold,
2025-11-13T08:50:45.482337,DOGE,hold,
2025-11-13T08:50:45.482337,BNB,hold,
2025-11-13T08:53:51.538370,ETH,hold,
2025-11-13T08:53:51.538370,SOL,hold,
2025-11-13T08:53:51.538370,XRP,close,
2025-11-13T08:53:51.538370,BTC,hold,
2025-11-13T08:53:51.538370,DOGE,hold,
2025-11-13T08:53:51.538370,BNB,hold,
2025-11-13T08:56:57.869757,ETH,hold,
2025-11-13T08:56:57.869757,SOL,hold,
2025-11-13T08:56:57.869757,XRP,entry,
2025-11-13T08:56:57.869757,BTC,hold,
2025-11-13T08:56:57.869757,DOGE,hold,
2025-11-13T08:56:57.869757,BNB,hold,
2025-11-13T09:00:06.633715,ETH,hold,
2025-11-13T09:00:06.633715,SOL,hold,
2025-11-13T09:00:06.633715,XRP,close,
2025-11-13T09:00:06.633715,BTC,hold,
2025-11-13T09:00:06.633715,DOGE,hold,
2025-11-13T09:00:06.633715,BNB,hold,
2025-11-13T09:03:13.367719,ETH,hold,
2025-11-13T09:03:13.367719,SOL,hold,
2025-11-13T09:03:13.367719,XRP,entry,
2025-11-13T09:03:13.367719,BTC,hold,
2025-11-13T09:03:13.367719,DOGE,hold,
2025-11-13T09:03:13.367719,BNB,hold,
2025-11-13T09:06:20.419942,ETH,hold,
2025-11-13T09:06:20.419942,SOL,hold,
2025-11-13T09:06:20.419942,XRP,hold,
2025-11-13T09:06:20.419942,BTC,hold,
2025-11-13T09:06:20.419942,DOGE,hold,
2025-11-13T09:06:20.419942,BNB,hold,
2025-11-13T09:09:26.580622,ETH,hold,
2025-11-13T09:09:26.580622,SOL,hold,
2025-11-13T09:09:26.580622,XRP,close,
2025-11-13T09:09:26.580622,BTC,hold,
2025-11-13T09:09:26.580622,DOGE,hold,
2025-11-13T09:09:26.580622,BNB,hold,
2025-11-13T09:12:33.411540,ETH,hold,
2025-11-13T09:12:33.411540,SOL,hold,
2025-11-13T09:12:33.411540,XRP,entry,
2025-11-13T09:12:33.411540,BTC,hold,
2025-11-13T09:12:33.411540,DOGE,hold,
2025-11-13T09:12:33.411540,BNB,hold,
2025-11-13T09:15:39.622290,ETH,hold,
2025-11-13T09:15:39.622290,SOL,hold,
2025-11-13T09:15:39.622290,XRP,close,
2025-11-13T09:15:39.622290,BTC,hold,
2025-11-13T09:15:39.622290,DOGE,hold,
2025-11-13T09:15:39.622290,BNB,hold,
2025-11-13T09:18:46.099653,ETH,hold,
2025-11-13T09:18:46.099653,SOL,hold,
2025-11-13T09:18:46.099653,XRP,entry,
2025-11-13T09:18:46.099653,BTC,hold,
2025-11-13T09:18:46.099653,DOGE,hold,
2025-11-13T09:18:46.099653,BNB,hold,
2025-11-13T09:21:52.163618,ETH,hold,
2025-11-13T09:21:52.163618,SOL,hold,
2025-11-13T09:21:52.163618,XRP,hold,
2025-11-13T09:21:52.163618,BTC,hold,
2025-11-13T09:21:52.163618,DOGE,hold,
2025-11-13T09:21:52.163618,BNB,hold,
2025-11-13T09:24:58.693834,ETH,hold,
2025-11-13T09:24:58.693834,SOL,hold,
2025-11-13T09:24:58.693834,XRP,hold,
2025-11-13T09:24:58.693834,BTC,hold,
2025-11-13T09:24:58.693834,DOGE,hold,
2025-11-13T09:24:58.693834,BNB,hold,
2025-11-13T09:28:04.815017,ETH,hold,
2025-11-13T09:28:04.815017,SOL,hold,
2025-11-13T09:28:04.815017,XRP,hold,
2025-11-13T09:28:04.815017,BTC,hold,
2025-11-13T09:28:04.815017,DOGE,hold,
2025-11-13T09:28:04.815017,BNB,hold,
2025-11-13T09:36:23.900158,ETH,hold,
2025-11-13T09:36:23.900158,SOL,hold,
2025-11-13T09:36:23.900158,XRP,close,
2025-11-13T09:36:23.900158,BTC,hold,
2025-11-13T09:36:23.900158,DOGE,hold,
2025-11-13T09:36:23.900158,BNB,hold,
2025-11-13T10:17:12.531194,ETH,hold,
2025-11-13T10:17:12.531194,SOL,hold,
2025-11-13T10:17:12.531194,XRP,entry,
2025-11-13T10:17:12.531194,BTC,hold,
2025-11-13T10:17:12.531194,DOGE,hold,
2025-11-13T10:17:12.531194,BNB,hold,
2025-11-13T10:44:47.351749,ETH,hold,
2025-11-13T10:44:47.351749,SOL,hold,
2025-11-13T10:44:47.351749,XRP,hold,
2025-11-13T10:44:47.351749,BTC,hold,
2025-11-13T10:44:47.351749,DOGE,hold,
2025-11-13T10:44:47.351749,BNB,hold,
2025-11-13T10:47:54.635672,ETH,hold,
2025-11-13T10:47:54.635672,SOL,hold,
2025-11-13T10:47:54.635672,XRP,hold,
2025-11-13T10:47:54.635672,BTC,hold,
2025-11-13T10:47:54.635672,DOGE,hold,
2025-11-13T10:47:54.635672,BNB,hold,
2025-11-13T10:51:00.698289,ETH,hold,
2025-11-13T10:51:00.698289,SOL,hold,
2025-11-13T10:51:00.698289,XRP,hold,
2025-11-13T10:51:00.698289,BTC,hold,
2025-11-13T10:51:00.698289,DOGE,hold,
2025-11-13T10:51:00.698289,BNB,hold,
2025-11-13T10:54:07.301445,ETH,hold,
2025-11-13T10:54:07.301445,SOL,hold,
2025-11-13T10:54:07.301445,XRP,hold,
2025-11-13T10:54:07.301445,BTC,hold,
2025-11-13T10:54:07.301445,DOGE,hold,
2025-11-13T10:54:07.301445,BNB,hold,
2025-11-13T10:57:13.323247,ETH,hold,
2025-11-13T10:57:13.323247,SOL,hold,
2025-11-13T10:57:13.323247,XRP,hold,
2025-11-13T10:57:13.323247,BTC,hold,
2025-11-13T10:57:13.323247,DOGE,hold,
2025-11-13T10:57:13.323247,BNB,hold,
2025-11-13T11:43:08.738626,ETH,hold,
2025-11-13T11:43:08.738626,SOL,hold,
2025-11-13T11:43:08.738626,XRP,hold,
2025-11-13T11:43:08.738626,BTC,hold,
2025-11-13T11:43:08.738626,DOGE,hold,
2025-11-13T11:43:08.738626,BNB,hold,
2025-11-13T11:46:14.955954,ETH,hold,
2025-11-13T11:46:14.955954,SOL,hold,
2025-11-13T11:46:14.955954,XRP,hold,
2025-11-13T11:46:14.955954,BTC,hold,
2025-11-13T11:46:14.955954,DOGE,hold,
2025-11-13T11:46:14.955954,BNB,hold,
2025-11-13T11:49:21.224908,ETH,hold,
2025-11-13T11:49:21.224908,SOL,hold,
2025-11-13T11:49:21.224908,XRP,hold,
2025-11-13T11:49:21.224908,BTC,hold,
2025-11-13T11:49:21.224908,DOGE,hold,
2025-11-13T11:49:21.224908,BNB,hold,
2025-11-13T11:52:27.286804,ETH,hold,
2025-11-13T11:52:27.286804,SOL,hold,
2025-11-13T11:52:27.286804,XRP,hold,
2025-11-13T11:52:27.286804,BTC,hold,
2025-11-13T11:52:27.286804,DOGE,hold,
2025-11-13T11:52:27.286804,BNB,hold,
2025-11-13T11:55:33.350980,ETH,hold,
2025-11-13T11:55:33.350980,SOL,hold,
2025-11-13T11:55:33.350980,XRP,hold,
2025-11-13T11:55:33.350980,BTC,hold,
2025-11-13T11:55:33.350980,DOGE,hold,
2025-11-13T11:55:33.350980,BNB,hold,
2025-11-13T11:58:39.243797,ETH,hold,
2025-11-13T11:58:39.243797,SOL,hold,
2025-11-13T11:58:39.243797,XRP,hold,
2025-11-13T11:58:39.243797,BTC,hold,
2025-11-13T11:58:39.243797,DOGE,hold,
2025-11-13T11:58:39.243797,BNB,hold,
2025-11-13T12:01:45.378693,ETH,hold,
2025-11-13T12:01:45.378693,SOL,hold,
2025-11-13T12:01:45.378693,XRP,hold,
2025-11-13T12:01:45.378693,BTC,hold,
2025-11-13T12:01:45.378693,DOGE,hold,
2025-11-13T12:01:45.378693,BNB,hold,
2025-11-13T12:04:51.547786,ETH,hold,
2025-11-13T12:04:51.547786,SOL,hold,
2025-11-13T12:04:51.547786,XRP,hold,
2025-11-13T12:04:51.547786,BTC,hold,
2025-11-13T12:04:51.547786,DOGE,hold,
2025-11-13T12:04:51.547786,BNB,hold,
2025-11-13T12:07:57.921728,ETH,hold,
2025-11-13T12:07:57.921728,SOL,hold,
2025-11-13T12:07:57.921728,XRP,hold,
2025-11-13T12:07:57.921728,BTC,hold,
2025-11-13T12:07:57.921728,DOGE,hold,
2025-11-13T12:07:57.921728,BNB,hold,
2025-11-13T12:11:04.081434,ETH,hold,
2025-11-13T12:11:04.081434,SOL,hold,
2025-11-13T12:11:04.081434,XRP,hold,
2025-11-13T12:11:04.081434,BTC,hold,
2025-11-13T12:11:04.081434,DOGE,hold,
2025-11-13T12:11:04.081434,BNB,hold,
2025-11-13T12:14:10.455869,ETH,hold,
2025-11-13T12:14:10.455869,SOL,hold,
2025-11-13T12:14:10.455869,XRP,hold,
2025-11-13T12:14:10.455869,BTC,hold,
2025-11-13T12:14:10.455869,DOGE,hold,
2025-11-13T12:14:10.455869,BNB,hold,
2025-11-13T12:17:16.636523,ETH,hold,
2025-11-13T12:17:16.636523,SOL,hold,
2025-11-13T12:17:16.636523,XRP,hold,
2025-11-13T12:17:16.636523,BTC,hold,
2025-11-13T12:17:16.636523,DOGE,hold,
2025-11-13T12:17:16.636523,BNB,hold,
2025-11-13T12:20:22.888297,ETH,hold,
2025-11-13T12:20:22.888297,SOL,hold,
2025-11-13T12:20:22.888297,XRP,hold,
2025-11-13T12:20:22.888297,BTC,hold,
2025-11-13T12:20:22.888297,DOGE,hold,
2025-11-13T12:20:22.888297,BNB,hold,
2025-11-13T12:23:29.055641,ETH,hold,
2025-11-13T12:23:29.055641,SOL,hold,
2025-11-13T12:23:29.055641,XRP,hold,
2025-11-13T12:23:29.055641,BTC,hold,
2025-11-13T12:23:29.055641,DOGE,hold,
2025-11-13T12:23:29.055641,BNB,hold,
2025-11-13T12:26:35.097399,ETH,hold,
2025-11-13T12:26:35.097399,SOL,hold,
2025-11-13T12:26:35.097399,XRP,hold,
2025-11-13T12:26:35.097399,BTC,hold,
2025-11-13T12:26:35.097399,DOGE,hold,
2025-11-13T12:26:35.097399,BNB,hold,
2025-11-13T12:29:41.080866,ETH,hold,
2025-11-13T12:29:41.080866,SOL,hold,
2025-11-13T12:29:41.080866,XRP,hold,
2025-11-13T12:29:41.080866,BTC,hold,
2025-11-13T12:29:41.080866,DOGE,hold,
2025-11-13T12:29:41.080866,BNB,hold,
2025-11-13T12:32:47.352731,ETH,hold,
2025-11-13T12:32:47.352731,SOL,hold,
2025-11-13T12:32:47.352731,XRP,hold,
2025-11-13T12:32:47.352731,BTC,hold,
2025-11-13T12:32:47.352731,DOGE,hold,
2025-11-13T12:32:47.352731,BNB,hold,
2025-11-13T12:35:53.918085,ETH,hold,
2025-11-13T12:35:53.918085,SOL,hold,
2025-11-13T12:35:53.918085,XRP,hold,
2025-11-13T12:35:53.918085,BTC,hold,
2025-11-13T12:35:53.918085,DOGE,hold,
2025-11-13T12:35:53.918085,BNB,hold,
2025-11-13T12:39:00.498232,ETH,hold,
2025-11-13T12:39:00.498232,SOL,hold,
2025-11-13T12:39:00.498232,XRP,hold,
2025-11-13T12:39:00.498232,BTC,hold,
2025-11-13T12:39:00.498232,DOGE,hold,
2025-11-13T12:39:00.498232,BNB,hold,
2025-11-13T12:42:07.380157,ETH,hold,
2025-11-13T12:42:07.380157,SOL,hold,
2025-11-13T12:42:07.380157,XRP,hold,
2025-11-13T12:42:07.380157,BTC,hold,
2025-11-13T12:42:07.380157,DOGE,hold,
2025-11-13T12:42:07.380157,BNB,hold,
2025-11-13T12:45:13.499002,ETH,hold,
2025-11-13T12:45:13.499002,SOL,hold,
2025-11-13T12:45:13.499002,XRP,hold,
2025-11-13T12:45:13.499002,BTC,hold,
2025-11-13T12:45:13.499002,DOGE,hold,
2025-11-13T12:45:13.499002,BNB,hold,
2025-11-13T12:48:21.863330,ETH,hold,
2025-11-13T12:48:21.863330,SOL,hold,
2025-11-13T12:48:21.863330,XRP,hold,
2025-11-13T12:48:21.863330,BTC,hold,
2025-11-13T12:48:21.863330,DOGE,hold,
2025-11-13T12:48:21.863330,BNB,hold,
2025-11-13T12:51:28.338558,ETH,hold,
2025-11-13T12:51:28.338558,SOL,hold,
2025-11-13T12:51:28.338558,XRP,hold,
2025-11-13T12:51:28.338558,BTC,hold,
2025-11-13T12:51:28.338558,DOGE,hold,
2025-11-13T12:51:28.338558,BNB,hold,
2025-11-13T12:54:34.535094,ETH,hold,
2025-11-13T12:54:34.535094,SOL,hold,
2025-11-13T12:54:34.535094,XRP,hold,
2025-11-13T12:54:34.535094,BTC,hold,
2025-11-13T12:54:34.535094,DOGE,hold,
2025-11-13T12:54:34.535094,BNB,hold,
2025-11-13T12:57:40.617674,ETH,hold,
2025-11-13T12:57:40.617674,SOL,hold,
2025-11-13T12:57:40.617674,XRP,hold,
2025-11-13T12:57:40.617674,BTC,hold,
2025-11-13T12:57:40.617674,DOGE,hold,
2025-11-13T12:57:40.617674,BNB,hold,
2025-11-13T13:00:46.988861,ETH,hold,
2025-11-13T13:00:46.988861,SOL,hold,
2025-11-13T13:00:46.988861,XRP,hold,
2025-11-13T13:00:46.988861,BTC,hold,
2025-11-13T13:00:46.988861,DOGE,hold,
2025-11-13T13:00:46.988861,BNB,hold,
2025-11-13T13:03:53.150272,ETH,hold,
2025-11-13T13:03:53.150272,SOL,hold,
2025-11-13T13:03:53.150272,XRP,hold,
2025-11-13T13:03:53.150272,BTC,hold,
2025-11-13T13:03:53.150272,DOGE,hold,
2025-11-13T13:03:53.150272,BNB,hold,
2025-11-13T13:06:59.315594,ETH,hold,
2025-11-13T13:06:59.315594,SOL,hold,
2025-11-13T13:06:59.315594,XRP,hold,
2025-11-13T13:06:59.315594,BTC,hold,
2025-11-13T13:06:59.315594,DOGE,hold,
2025-11-13T13:06:59.315594,BNB,hold,
2025-11-13T13:10:06.508037,ETH,hold,
2025-11-13T13:10:06.508037,SOL,hold,
2025-11-13T13:10:06.508037,XRP,hold,
2025-11-13T13:10:06.508037,BTC,hold,
2025-11-13T13:10:06.508037,DOGE,hold,
2025-11-13T13:10:06.508037,BNB,hold,
2025-11-13T13:13:12.566201,ETH,hold,
2025-11-13T13:13:12.566201,SOL,hold,
2025-11-13T13:13:12.566201,XRP,hold,
2025-11-13T13:13:12.566201,BTC,hold,
2025-11-13T13:13:12.566201,DOGE,hold,
2025-11-13T13:13:12.566201,BNB,hold,
2025-11-13T13:16:19.157028,ETH,hold,
2025-11-13T13:16:19.157028,SOL,hold,
2025-11-13T13:16:19.157028,XRP,hold,
2025-11-13T13:16:19.157028,BTC,hold,
2025-11-13T13:16:19.157028,DOGE,hold,
2025-11-13T13:16:19.157028,BNB,hold,
2025-11-13T13:19:25.732781,ETH,hold,
2025-11-13T13:19:25.732781,SOL,hold,
2025-11-13T13:19:25.732781,XRP,hold,
2025-11-13T13:19:25.732781,BTC,hold,
2025-11-13T13:19:25.732781,DOGE,hold,
2025-11-13T13:19:25.732781,BNB,hold,
2025-11-13T13:22:33.635934,ETH,hold,"ETH price is near EMA20, RSI is neutral, and MACD is slightly bearish but near signal. Holding short position."
2025-11-13T13:22:33.635934,SOL,hold,SOL price is around EMA20. RSI is neutral. MACD is slightly bearish. Holding short position.
2025-11-13T13:22:33.635934,XRP,hold,"XRP price is above EMA20, RSI is bullish, MACD is slightly above signal. Holding long position."
2025-11-13T13:22:33.635934,BTC,hold,"BTC price is above EMA20, RSI is bullish, MACD is bullish and above signal. Holding short position, watching closely for potential stop loss trigger."
2025-11-13T13:22:33.635934,DOGE,hold,"DOGE price is near EMA20, RSI is neutral, MACD is bearish. Holding short position."
2025-11-13T13:22:33.635934,BNB,hold,"BNB price is near EMA20, RSI is neutral, MACD is bearish. Holding short position."
2025-11-13T13:25:40.001821,ETH,hold,
2025-11-13T13:25:40.001821,SOL,hold,
2025-11-13T13:25:40.001821,XRP,hold,
2025-11-13T13:25:40.001821,BTC,hold,
2025-11-13T13:25:40.001821,DOGE,hold,
2025-11-13T13:25:40.001821,BNB,hold,
2025-11-13T13:28:46.064453,ETH,hold,
2025-11-13T13:28:46.064453,SOL,hold,
2025-11-13T13:28:46.064453,XRP,hold,
2025-11-13T13:28:46.064453,BTC,hold,
2025-11-13T13:28:46.064453,DOGE,hold,
2025-11-13T13:28:46.064453,BNB,hold,
2025-11-13T13:31:52.217909,ETH,hold,
2025-11-13T13:31:52.217909,SOL,hold,
2025-11-13T13:31:52.217909,XRP,hold,
2025-11-13T13:31:52.217909,BTC,hold,
2025-11-13T13:31:52.217909,DOGE,hold,
2025-11-13T13:31:52.217909,BNB,hold,
2025-11-13T13:34:58.291282,ETH,hold,
2025-11-13T13:34:58.291282,SOL,hold,
2025-11-13T13:34:58.291282,XRP,hold,
2025-11-13T13:34:58.291282,BTC,hold,
2025-11-13T13:34:58.291282,DOGE,hold,
2025-11-13T13:34:58.291282,BNB,hold,
2025-11-13T13:38:04.971585,ETH,hold,
2025-11-13T13:38:04.971585,SOL,hold,
2025-11-13T13:38:04.971585,XRP,hold,
2025-11-13T13:38:04.971585,BTC,hold,
2025-11-13T13:38:04.971585,DOGE,hold,
2025-11-13T13:38:04.971585,BNB,hold,
2025-11-13T13:41:11.131697,ETH,hold,
2025-11-13T13:41:11.131697,SOL,hold,
2025-11-13T13:41:11.131697,XRP,hold,
2025-11-13T13:41:11.131697,BTC,hold,
2025-11-13T13:41:11.131697,DOGE,hold,
2025-11-13T13:41:11.131697,BNB,hold,
2025-11-13T13:44:17.256078,ETH,hold,
2025-11-13T13:44:17.256078,SOL,hold,
2025-11-13T13:44:17.256078,XRP,hold,
2025-11-13T13:44:17.256078,BTC,hold,
2025-11-13T13:44:17.256078,DOGE,hold,
2025-11-13T13:44:17.256078,BNB,hold,
2025-11-13T13:47:23.358558,ETH,hold,
2025-11-13T13:47:23.358558,SOL,hold,
2025-11-13T13:47:23.358558,XRP,hold,
2025-11-13T13:47:23.358558,BTC,hold,
2025-11-13T13:47:23.358558,DOGE,hold,
2025-11-13T13:47:23.358558,BNB,hold,
2025-11-13T13:50:29.469948,ETH,hold,
2025-11-13T13:50:29.469948,SOL,hold,
2025-11-13T13:50:29.469948,XRP,hold,
2025-11-13T13:50:29.469948,BTC,hold,
2025-11-13T13:50:29.469948,DOGE,hold,
2025-11-13T13:50:29.469948,BNB,hold,
2025-11-13T13:53:35.769967,ETH,hold,
2025-11-13T13:53:35.769967,SOL,hold,
2025-11-13T13:53:35.769967,XRP,hold,
2025-11-13T13:53:35.769967,BTC,hold,
2025-11-13T13:53:35.769967,DOGE,hold,
2025-11-13T13:53:35.769967,BNB,hold,
2025-11-13T13:56:42.363562,ETH,hold,
2025-11-13T13:56:42.363562,SOL,hold,
2025-11-13T13:56:42.363562,XRP,hold,
2025-11-13T13:56:42.363562,BTC,hold,
2025-11-13T13:56:42.363562,DOGE,hold,
2025-11-13T13:56:42.363562,BNB,hold,
2025-11-13T13:59:48.528994,ETH,hold,
2025-11-13T13:59:48.528994,SOL,hold,
2025-11-13T13:59:48.528994,XRP,hold,
2025-11-13T13:59:48.528994,BTC,hold,
2025-11-13T13:59:48.528994,DOGE,hold,
2025-11-13T13:59:48.528994,BNB,hold,
2025-11-13T14:02:55.284934,ETH,hold,
2025-11-13T14:02:55.284934,SOL,hold,
2025-11-13T14:02:55.284934,XRP,hold,
2025-11-13T14:02:55.284934,BTC,hold,
2025-11-13T14:02:55.284934,DOGE,hold,
2025-11-13T14:02:55.284934,BNB,hold,
2025-11-13T14:06:01.879565,ETH,hold,
2025-11-13T14:06:01.879565,SOL,hold,
2025-11-13T14:06:01.879565,XRP,hold,
2025-11-13T14:06:01.879565,BTC,hold,
2025-11-13T14:06:01.879565,DOGE,hold,
2025-11-13T14:06:01.879565,BNB,hold,
2025-11-13T14:09:07.941974,ETH,hold,
2025-11-13T14:09:07.941974,SOL,hold,
2025-11-13T14:09:07.941974,XRP,hold,
2025-11-13T14:09:07.941974,BTC,hold,
2025-11-13T14:09:07.941974,DOGE,hold,
2025-11-13T14:09:07.941974,BNB,hold,
2025-11-13T14:12:14.516248,ETH,hold,
2025-11-13T14:12:14.516248,SOL,hold,
2025-11-13T14:12:14.516248,XRP,hold,
2025-11-13T14:12:14.516248,BTC,hold,
2025-11-13T14:12:14.516248,DOGE,hold,
2025-11-13T14:12:14.516248,BNB,hold,
2025-11-13T14:15:20.860704,ETH,hold,
2025-11-13T14:15:20.860704,SOL,hold,
2025-11-13T14:15:20.860704,XRP,hold,
2025-11-13T14:15:20.860704,BTC,hold,
2025-11-13T14:15:20.860704,DOGE,hold,
2025-11-13T14:15:20.860704,BNB,hold,
2025-11-13T14:18:26.945373,ETH,hold,
2025-11-13T14:18:26.945373,SOL,hold,
2025-11-13T14:18:26.945373,XRP,hold,
2025-11-13T14:18:26.945373,BTC,hold,
2025-11-13T14:18:26.945373,DOGE,hold,
2025-11-13T14:18:26.945373,BNB,hold,
2025-11-13T14:21:33.418336,ETH,hold,
2025-11-13T14:21:33.418336,SOL,hold,
2025-11-13T14:21:33.418336,XRP,hold,
2025-11-13T14:21:33.418336,BTC,hold,
2025-11-13T14:21:33.418336,DOGE,hold,
2025-11-13T14:21:33.418336,BNB,hold,
2025-11-13T14:24:39.682923,ETH,hold,
2025-11-13T14:24:39.682923,SOL,hold,
2025-11-13T14:24:39.682923,XRP,hold,
2025-11-13T14:24:39.682923,BTC,hold,
2025-11-13T14:24:39.682923,DOGE,hold,
2025-11-13T14:24:39.682923,BNB,hold,
2025-11-13T14:27:45.743854,ETH,hold,
2025-11-13T14:27:45.743854,SOL,hold,
2025-11-13T14:27:45.743854,XRP,hold,
2025-11-13T14:27:45.743854,BTC,hold,
2025-11-13T14:27:45.743854,DOGE,hold,
2025-11-13T14:27:45.743854,BNB,hold,
2025-11-13T14:30:51.807004,ETH,hold,
2025-11-13T14:30:51.807004,SOL,hold,
2025-11-13T14:30:51.807004,XRP,hold,
2025-11-13T14:30:51.807004,BTC,hold,
2025-11-13T14:30:51.807004,DOGE,hold,
2025-11-13T14:30:51.807004,BNB,hold,
2025-11-13T14:33:58.040665,ETH,hold,
2025-11-13T14:33:58.040665,SOL,hold,
2025-11-13T14:33:58.040665,XRP,hold,
2025-11-13T14:33:58.040665,BTC,hold,
2025-11-13T14:33:58.040665,DOGE,hold,
2025-11-13T14:33:58.040665,BNB,hold,
2025-11-13T14:37:04.280572,ETH,hold,
2025-11-13T14:37:04.280572,SOL,hold,
2025-11-13T14:37:04.280572,XRP,close,
2025-11-13T14:37:04.280572,BTC,hold,
2025-11-13T14:37:04.280572,DOGE,hold,
2025-11-13T14:37:04.280572,BNB,hold,
2025-11-13T14:40:11.429203,ETH,hold,
2025-11-13T14:40:11.429203,SOL,hold,
2025-11-13T14:40:11.429203,XRP,entry,
2025-11-13T14:40:11.429203,BTC,hold,
2025-11-13T14:40:11.429203,DOGE,hold,
2025-11-13T14:40:11.429203,BNB,hold,
2025-11-13T14:43:17.389313,ETH,hold,
2025-11-13T14:43:17.389313,SOL,hold,
2025-11-13T14:43:17.389313,XRP,close,
2025-11-13T14:43:17.389313,BTC,hold,
2025-11-13T14:43:17.389313,DOGE,hold,
2025-11-13T14:43:17.389313,BNB,hold,
2025-11-13T14:46:23.446808,ETH,hold,
2025-11-13T14:46:23.446808,SOL,hold,
2025-11-13T14:46:23.446808,XRP,entry,
2025-11-13T14:46:23.446808,BTC,hold,
2025-11-13T14:46:23.446808,DOGE,hold,
2025-11-13T14:46:23.446808,BNB,hold,
2025-11-13T14:49:29.304313,ETH,hold,
2025-11-13T14:49:29.304313,SOL,hold,
2025-11-13T14:49:29.304313,XRP,close,
2025-11-13T14:49:29.304313,BTC,hold,
2025-11-13T14:49:29.304313,DOGE,hold,
2025-11-13T14:49:29.304313,BNB,hold,
2025-11-13T14:52:35.410754,ETH,close,
2025-11-13T14:52:35.410754,SOL,close,
2025-11-13T14:52:35.410754,XRP,entry,
2025-11-13T14:52:35.410754,BTC,close,
2025-11-13T14:52:35.410754,DOGE,close,
2025-11-13T14:52:35.410754,BNB,close,
2025-11-13T14:55:42.659770,ETH,entry,
2025-11-13T14:55:42.659770,SOL,entry,
2025-11-13T14:55:42.659770,XRP,close,
2025-11-13T14:55:42.659770,BTC,hold,
2025-11-13T14:55:42.659770,DOGE,entry,
2025-11-13T14:55:42.659770,BNB,entry,
2025-11-13T14:58:49.030733,ETH,hold,
2025-11-13T14:58:49.030733,SOL,hold,
2025-11-13T14:58:49.030733,XRP,entry,
2025-11-13T14:58:49.030733,BTC,hold,
2025-11-13T14:58:49.030733,DOGE,hold,
2025-11-13T14:58:49.030733,BNB,hold,
2025-11-13T15:01:55.399308,ETH,hold,
2025-11-13T15:01:55.399308,SOL,hold,
2025-11-13T15:01:55.399308,XRP,hold,
2025-11-13T15:01:55.399308,BTC,entry,
2025-11-13T15:01:55.399308,DOGE,hold,
2025-11-13T15:01:55.399308,BNB,hold,
2025-11-13T15:05:01.457771,ETH,hold,
2025-11-13T15:05:01.457771,SOL,hold,
2025-11-13T15:05:01.457771,XRP,hold,
2025-11-13T15:05:01.457771,BTC,hold,
2025-11-13T15:05:01.457771,DOGE,hold,
2025-11-13T15:05:01.457771,BNB,hold,
2025-11-13T15:08:07.418983,ETH,hold,
2025-11-13T15:08:07.418983,SOL,hold,
2025-11-13T15:08:07.418983,XRP,hold,
2025-11-13T15:08:07.418983,BTC,hold,
2025-11-13T15:08:07.418983,DOGE,hold,
2025-11-13T15:08:07.418983,BNB,hold,
2025-11-13T15:11:13.790519,ETH,hold,
2025-11-13T15:11:13.790519,SOL,hold,
2025-11-13T15:11:13.790519,XRP,hold,
2025-11-13T15:11:13.790519,BTC,hold,
2025-11-13T15:11:13.790519,DOGE,hold,
2025-11-13T15:11:13.790519,BNB,hold,
2025-11-13T15:14:19.732117,ETH,hold,
2025-11-13T15:14:19.732117,SOL,hold,
2025-11-13T15:14:19.732117,XRP,hold,
2025-11-13T15:14:19.732117,BTC,hold,
2025-11-13T15:14:19.732117,DOGE,hold,
2025-11-13T15:14:19.732117,BNB,hold,
2025-11-13T15:17:25.910156,ETH,hold,
2025-11-13T15:17:25.910156,SOL,hold,
2025-11-13T15:17:25.910156,XRP,hold,
2025-11-13T15:17:25.910156,BTC,hold,
2025-11-13T15:17:25.910156,DOGE,hold,
2025-11-13T15:17:25.910156,BNB,hold,
2025-11-13T15:20:31.665452,ETH,hold,
2025-11-13T15:20:31.665452,SOL,hold,
2025-11-13T15:20:31.665452,XRP,hold,
2025-11-13T15:20:31.665452,BTC,hold,
2025-11-13T15:20:31.665452,DOGE,hold,
2025-11-13T15:20:31.665452,BNB,hold,
2025-11-13T15:23:37.749891,ETH,hold,
2025-11-13T15:23:37.749891,SOL,hold,
2025-11-13T15:23:37.749891,XRP,hold,
2025-11-13T15:23:37.749891,BTC,hold,
2025-11-13T15:23:37.749891,DOGE,hold,
2025-11-13T15:23:37.749891,BNB,hold,
2025-11-13T15:26:43.690737,ETH,hold,
2025-11-13T15:26:43.690737,SOL,hold,
2025-11-13T15:26:43.690737,XRP,hold,
2025-11-13T15:26:43.690737,BTC,hold,
2025-11-13T15:26:43.690737,DOGE,hold,
2025-11-13T15:26:43.690737,BNB,hold,
2025-11-13T15:29:49.587703,ETH,hold,
2025-11-13T15:29:49.587703,SOL,hold,
2025-11-13T15:29:49.587703,XRP,hold,
2025-11-13T15:29:49.587703,BTC,hold,
2025-11-13T15:29:49.587703,DOGE,hold,
2025-11-13T15:29:49.587703,BNB,hold,
2025-11-13T15:32:55.380885,ETH,hold,
2025-11-13T15:32:55.380885,SOL,hold,
2025-11-13T15:32:55.380885,XRP,hold,
2025-11-13T15:32:55.380885,BTC,hold,
2025-11-13T15:32:55.380885,DOGE,hold,
2025-11-13T15:32:55.380885,BNB,hold,
2025-11-13T15:36:01.263732,ETH,hold,
2025-11-13T15:36:01.263732,SOL,hold,
2025-11-13T15:36:01.263732,XRP,hold,
2025-11-13T15:36:01.263732,BTC,hold,
2025-11-13T15:36:01.263732,DOGE,hold,
2025-11-13T15:36:01.263732,BNB,hold,
2025-11-13T15:39:06.991683,ETH,hold,
2025-11-13T15:39:06.991683,SOL,hold,
2025-11-13T15:39:06.991683,XRP,hold,
2025-11-13T15:39:06.991683,BTC,hold,
2025-11-13T15:39:06.991683,DOGE,hold,
2025-11-13T15:39:06.991683,BNB,hold,
2025-11-13T15:42:13.201079,ETH,hold,
2025-11-13T15:42:13.201079,SOL,hold,
2025-11-13T15:42:13.201079,XRP,hold,
2025-11-13T15:42:13.201079,BTC,hold,
2025-11-13T15:42:13.201079,DOGE,hold,
2025-11-13T15:42:13.201079,BNB,hold,
2025-11-13T15:45:20.073723,ETH,hold,
2025-11-13T15:45:20.073723,SOL,hold,
2025-11-13T15:45:20.073723,XRP,hold,
2025-11-13T15:45:20.073723,BTC,hold,
2025-11-13T15:45:20.073723,DOGE,hold,
2025-11-13T15:45:20.073723,BNB,hold,
2025-11-13T15:48:26.108033,ETH,hold,
2025-11-13T15:48:26.108033,SOL,hold,
2025-11-13T15:48:26.108033,XRP,hold,
2025-11-13T15:48:26.108033,BTC,hold,
2025-11-13T15:48:26.108033,DOGE,hold,
2025-11-13T15:48:26.108033,BNB,hold,
2025-11-13T15:51:32.096169,ETH,hold,
2025-11-13T15:51:32.096169,SOL,hold,
2025-11-13T15:51:32.096169,XRP,hold,
2025-11-13T15:51:32.096169,BTC,hold,
2025-11-13T15:51:32.096169,DOGE,hold,
2025-11-13T15:51:32.096169,BNB,hold,
2025-11-13T15:54:37.949274,ETH,hold,
2025-11-13T15:54:37.949274,SOL,hold,
2025-11-13T15:54:37.949274,XRP,hold,
2025-11-13T15:54:37.949274,BTC,hold,
2025-11-13T15:54:37.949274,DOGE,hold,
2025-11-13T15:54:37.949274,BNB,hold,
2025-11-13T15:57:44.107680,ETH,hold,
2025-11-13T15:57:44.107680,SOL,hold,
2025-11-13T15:57:44.107680,XRP,hold,
2025-11-13T15:57:44.107680,BTC,hold,
2025-11-13T15:57:44.107680,DOGE,hold,
2025-11-13T15:57:44.107680,BNB,hold,
2025-11-13T16:00:50.063272,ETH,hold,
2025-11-13T16:00:50.063272,SOL,hold,
2025-11-13T16:00:50.063272,XRP,hold,
2025-11-13T16:00:50.063272,BTC,hold,
2025-11-13T16:00:50.063272,DOGE,hold,
2025-11-13T16:00:50.063272,BNB,hold,
2025-11-13T16:03:55.997088,ETH,hold,
2025-11-13T16:03:55.997088,SOL,hold,
2025-11-13T16:03:55.997088,XRP,hold,
2025-11-13T16:03:55.997088,BTC,hold,
2025-11-13T16:03:55.997088,DOGE,hold,
2025-11-13T16:03:55.997088,BNB,hold,
2025-11-13T16:07:01.980725,ETH,hold,
2025-11-13T16:07:01.980725,SOL,close,
2025-11-13T16:07:01.980725,XRP,hold,
2025-11-13T16:07:01.980725,BTC,hold,
2025-11-13T16:07:01.980725,DOGE,hold,
2025-11-13T16:07:01.980725,BNB,hold,
2025-11-13T16:10:08.652717,ETH,hold,
2025-11-13T16:10:08.652717,SOL,entry,
2025-11-13T16:10:08.652717,XRP,hold,
2025-11-13T16:10:08.652717,BTC,hold,
2025-11-13T16:10:08.652717,DOGE,hold,
2025-11-13T16:10:08.652717,BNB,hold,
2025-11-13T16:13:14.506070,ETH,hold,
2025-11-13T16:13:14.506070,SOL,hold,
2025-11-13T16:13:14.506070,XRP,hold,
2025-11-13T16:13:14.506070,BTC,hold,
2025-11-13T16:13:14.506070,DOGE,hold,
2025-11-13T16:13:14.506070,BNB,hold,
2025-11-13T16:16:20.346130,ETH,hold,
2025-11-13T16:16:20.346130,SOL,hold,
2025-11-13T16:16:20.346130,XRP,hold,
2025-11-13T16:16:20.346130,BTC,hold,
2025-11-13T16:16:20.346130,DOGE,hold,
2025-11-13T16:16:20.346130,BNB,hold,
2025-11-13T16:19:26.004405,ETH,hold,
2025-11-13T16:19:26.004405,SOL,hold,
2025-11-13T16:19:26.004405,XRP,hold,
2025-11-13T16:19:26.004405,BTC,hold,
2025-11-13T16:19:26.004405,DOGE,hold,
2025-11-13T16:19:26.004405,BNB,hold,
2025-11-13T16:22:31.964661,ETH,hold,
2025-11-13T16:22:31.964661,SOL,hold,
2025-11-13T16:22:31.964661,XRP,hold,
2025-11-13T16:22:31.964661,BTC,hold,
2025-11-13T16:22:31.964661,DOGE,hold,
2025-11-13T16:22:31.964661,BNB,hold,
2025-11-13T16:25:37.921513,ETH,hold,
2025-11-13T16:25:37.921513,SOL,hold,
2025-11-13T16:25:37.921513,XRP,hold,
2025-11-13T16:25:37.921513,BTC,hold,
2025-11-13T16:25:37.921513,DOGE,hold,
2025-11-13T16:25:37.921513,BNB,hold,
2025-11-13T16:28:43.776972,ETH,hold,
2025-11-13T16:28:43.776972,SOL,hold,
2025-11-13T16:28:43.776972,XRP,hold,
2025-11-13T16:28:43.776972,BTC,hold,
2025-11-13T16:28:43.776972,DOGE,hold,
2025-11-13T16:28:43.776972,BNB,hold,
2025-11-13T16:31:49.630762,ETH,hold,
2025-11-13T16:31:49.630762,SOL,hold,
2025-11-13T16:31:49.630762,XRP,hold,
2025-11-13T16:31:49.630762,BTC,hold,
2025-11-13T16:31:49.630762,DOGE,hold,
2025-11-13T16:31:49.630762,BNB,hold,
2025-11-13T16:34:55.584473,ETH,hold,
2025-11-13T16:34:55.584473,SOL,hold,
2025-11-13T16:34:55.584473,XRP,hold,
2025-11-13T16:34:55.584473,BTC,hold,
2025-11-13T16:34:55.584473,DOGE,hold,
2025-11-13T16:34:55.584473,BNB,hold,
2025-11-13T16:38:01.440904,ETH,hold,
2025-11-13T16:38:01.440904,SOL,hold,
2025-11-13T16:38:01.440904,XRP,hold,
2025-11-13T16:38:01.440904,BTC,hold,
2025-11-13T16:38:01.440904,DOGE,hold,
2025-11-13T16:38:01.440904,BNB,hold,
2025-11-13T16:41:07.168392,ETH,hold,
2025-11-13T16:41:07.168392,SOL,hold,
2025-11-13T16:41:07.168392,XRP,hold,
2025-11-13T16:41:07.168392,BTC,hold,
2025-11-13T16:41:07.168392,DOGE,hold,
2025-11-13T16:41:07.168392,BNB,hold,
2025-11-13T16:44:13.043765,ETH,hold,
2025-11-13T16:44:13.043765,SOL,hold,
2025-11-13T16:44:13.043765,XRP,hold,
2025-11-13T16:44:13.043765,BTC,hold,
2025-11-13T16:44:13.043765,DOGE,hold,
2025-11-13T16:44:13.043765,BNB,hold,
2025-11-13T16:47:18.900601,ETH,hold,
2025-11-13T16:47:18.900601,SOL,hold,
2025-11-13T16:47:18.900601,XRP,hold,
2025-11-13T16:47:18.900601,BTC,hold,
2025-11-13T16:47:18.900601,DOGE,hold,
2025-11-13T16:47:18.900601,BNB,hold,
2025-11-13T16:50:24.849341,ETH,hold,
2025-11-13T16:50:24.849341,SOL,hold,
2025-11-13T16:50:24.849341,XRP,hold,
2025-11-13T16:50:24.849341,BTC,hold,
2025-11-13T16:50:24.849341,DOGE,hold,
2025-11-13T16:50:24.849341,BNB,hold,
2025-11-13T16:53:31.220089,ETH,hold,
2025-11-13T16:53:31.220089,SOL,hold,
2025-11-13T16:53:31.220089,XRP,hold,
2025-11-13T16:53:31.220089,BTC,hold,
2025-11-13T16:53:31.220089,DOGE,hold,
2025-11-13T16:53:31.220089,BNB,hold,
2025-11-13T16:56:36.995969,ETH,hold,
2025-11-13T16:56:36.995969,SOL,hold,
2025-11-13T16:56:36.995969,XRP,hold,
2025-11-13T16:56:36.995969,BTC,hold,
2025-11-13T16:56:36.995969,DOGE,hold,
2025-11-13T16:56:36.995969,BNB,hold,
2025-11-13T16:59:43.236808,ETH,hold,
2025-11-13T16:59:43.236808,SOL,hold,
2025-11-13T16:59:43.236808,XRP,hold,
2025-11-13T16:59:43.236808,BTC,hold,
2025-11-13T16:59:43.236808,DOGE,hold,
2025-11-13T16:59:43.236808,BNB,hold,
2025-11-13T17:02:49.098552,ETH,hold,
2025-11-13T17:02:49.098552,SOL,hold,
2025-11-13T17:02:49.098552,XRP,hold,
2025-11-13T17:02:49.098552,BTC,hold,
2025-11-13T17:02:49.098552,DOGE,hold,
2025-11-13T17:02:49.098552,BNB,hold,
2025-11-13T17:05:55.358314,ETH,hold,
2025-11-13T17:05:55.358314,SOL,hold,
2025-11-13T17:05:55.358314,XRP,hold,
2025-11-13T17:05:55.358314,BTC,hold,
2025-11-13T17:05:55.358314,DOGE,hold,
2025-11-13T17:05:55.358314,BNB,hold,
2025-11-13T17:09:01.224948,ETH,hold,
2025-11-13T17:09:01.224948,SOL,hold,
2025-11-13T17:09:01.224948,XRP,hold,
2025-11-13T17:09:01.224948,BTC,hold,
2025-11-13T17:09:01.224948,DOGE,hold,
2025-11-13T17:09:01.224948,BNB,hold,
2025-11-13T17:12:07.084600,ETH,hold,
2025-11-13T17:12:07.084600,SOL,hold,
2025-11-13T17:12:07.084600,XRP,hold,
2025-11-13T17:12:07.084600,BTC,hold,
2025-11-13T17:12:07.084600,DOGE,hold,
2025-11-13T17:12:07.084600,BNB,hold,
2025-11-13T17:15:13.582389,ETH,hold,
2025-11-13T17:15:13.582389,SOL,hold,
2025-11-13T17:15:13.582389,XRP,hold,
2025-11-13T17:15:13.582389,BTC,hold,
2025-11-13T17:15:13.582389,DOGE,hold,
2025-11-13T17:15:13.582389,BNB,hold,
2025-11-13T17:18:19.420157,ETH,hold,
2025-11-13T17:18:19.420157,SOL,hold,
2025-11-13T17:18:19.420157,XRP,hold,
2025-11-13T17:18:19.420157,BTC,hold,
2025-11-13T17:18:19.420157,DOGE,hold,
2025-11-13T17:18:19.420157,BNB,hold,
2025-11-13T17:21:25.373733,ETH,hold,
2025-11-13T17:21:25.373733,SOL,hold,
2025-11-13T17:21:25.373733,XRP,hold,
2025-11-13T17:21:25.373733,BTC,hold,
2025-11-13T17:21:25.373733,DOGE,hold,
2025-11-13T17:21:25.373733,BNB,hold,
2025-11-13T17:24:31.339610,ETH,hold,
2025-11-13T17:24:31.339610,SOL,hold,
2025-11-13T17:24:31.339610,XRP,hold,
2025-11-13T17:24:31.339610,BTC,hold,
2025-11-13T17:24:31.339610,DOGE,hold,
2025-11-13T17:24:31.339610,BNB,hold,
2025-11-13T17:27:37.501677,ETH,hold,
2025-11-13T17:27:37.501677,SOL,hold,
2025-11-13T17:27:37.501677,XRP,hold,
2025-11-13T17:27:37.501677,BTC,hold,
2025-11-13T17:27:37.501677,DOGE,hold,
2025-11-13T17:27:37.501677,BNB,hold,
2025-11-13T17:30:43.465070,ETH,hold,
2025-11-13T17:30:43.465070,SOL,hold,
2025-11-13T17:30:43.465070,XRP,hold,
2025-11-13T17:30:43.465070,BTC,hold,
2025-11-13T17:30:43.465070,DOGE,hold,
2025-11-13T17:30:43.465070,BNB,hold,
2025-11-13T17:33:49.836241,ETH,hold,
2025-11-13T17:33:49.836241,SOL,hold,
2025-11-13T17:33:49.836241,XRP,hold,
2025-11-13T17:33:49.836241,BTC,hold,
2025-11-13T17:33:49.836241,DOGE,hold,
2025-11-13T17:33:49.836241,BNB,hold,
2025-11-13T17:36:56.408296,ETH,hold,
2025-11-13T17:36:56.408296,SOL,hold,
2025-11-13T17:36:56.408296,XRP,hold,
2025-11-13T17:36:56.408296,BTC,hold,
2025-11-13T17:36:56.408296,DOGE,hold,
2025-11-13T17:36:56.408296,BNB,hold,
2025-11-13T17:40:02.991999,ETH,hold,
2025-11-13T17:40:02.991999,SOL,hold,
2025-11-13T17:40:02.991999,XRP,hold,
2025-11-13T17:40:02.991999,BTC,hold,
2025-11-13T17:40:02.991999,DOGE,hold,
2025-11-13T17:40:02.991999,BNB,hold,
2025-11-13T17:43:09.601460,ETH,hold,
2025-11-13T17:43:09.601460,SOL,hold,
2025-11-13T17:43:09.601460,XRP,hold,
2025-11-13T17:43:09.601460,BTC,hold,
2025-11-13T17:43:09.601460,DOGE,hold,
2025-11-13T17:43:09.601460,BNB,hold,
2025-11-13T17:46:16.206284,ETH,hold,
2025-11-13T17:46:16.206284,SOL,hold,
2025-11-13T17:46:16.206284,XRP,hold,
2025-11-13T17:46:16.206284,BTC,hold,
2025-11-13T17:46:16.206284,DOGE,hold,
2025-11-13T17:46:16.206284,BNB,hold,
2025-11-13T17:49:22.711193,ETH,hold,
2025-11-13T17:49:22.711193,SOL,hold,
2025-11-13T17:49:22.711193,XRP,hold,
2025-11-13T17:49:22.711193,BTC,hold,
2025-11-13T17:49:22.711193,DOGE,hold,
2025-11-13T17:49:22.711193,BNB,hold,
2025-11-13T17:52:29.083794,ETH,entry,
2025-11-13T17:52:29.083794,SOL,hold,
2025-11-13T17:52:29.083794,XRP,hold,
2025-11-13T17:52:29.083794,BTC,hold,
2025-11-13T17:52:29.083794,DOGE,hold,
2025-11-13T17:52:29.083794,BNB,hold,
2025-11-13T17:55:34.943857,ETH,hold,
2025-11-13T17:55:34.943857,SOL,hold,
2025-11-13T17:55:34.943857,XRP,hold,
2025-11-13T17:55:34.943857,BTC,hold,
2025-11-13T17:55:34.943857,DOGE,hold,
2025-11-13T17:55:34.943857,BNB,hold,
2025-11-13T17:58:40.698174,ETH,hold,
2025-11-13T17:58:40.698174,SOL,hold,
2025-11-13T17:58:40.698174,XRP,hold,
2025-11-13T17:58:40.698174,BTC,hold,
2025-11-13T17:58:40.698174,DOGE,hold,
2025-11-13T17:58:40.698174,BNB,hold,
2025-11-13T18:01:46.860868,ETH,hold,
2025-11-13T18:01:46.860868,SOL,hold,
2025-11-13T18:01:46.860868,XRP,hold,
2025-11-13T18:01:46.860868,BTC,hold,
2025-11-13T18:01:46.860868,DOGE,hold,
2025-11-13T18:01:46.860868,BNB,hold,
2025-11-13T18:04:53.388571,ETH,hold,
2025-11-13T18:04:53.388571,SOL,hold,
2025-11-13T18:04:53.388571,XRP,hold,
2025-11-13T18:04:53.388571,BTC,hold,
2025-11-13T18:04:53.388571,DOGE,hold,
2025-11-13T18:04:53.388571,BNB,hold,
2025-11-13T18:07:59.503510,ETH,hold,
2025-11-13T18:07:59.503510,SOL,hold,
2025-11-13T18:07:59.503510,XRP,hold,
2025-11-13T18:07:59.503510,BTC,hold,
2025-11-13T18:07:59.503510,DOGE,hold,
2025-11-13T18:07:59.503510,BNB,hold,
2025-11-13T18:11:07.460971,ETH,hold,
2025-11-13T18:11:07.460971,SOL,hold,
2025-11-13T18:11:07.460971,XRP,hold,
2025-11-13T18:11:07.460971,BTC,hold,
2025-11-13T18:11:07.460971,DOGE,hold,
2025-11-13T18:11:07.460971,BNB,close,
2025-11-13T18:14:14.499147,ETH,hold,
2025-11-13T18:14:14.499147,SOL,hold,
2025-11-13T18:14:14.499147,XRP,hold,
2025-11-13T18:14:14.499147,BTC,hold,
2025-11-13T18:14:14.499147,DOGE,hold,
2025-11-13T18:14:14.499147,BNB,entry,
2025-11-13T18:17:20.529329,ETH,hold,
2025-11-13T18:17:20.529329,SOL,hold,
2025-11-13T18:17:20.529329,XRP,hold,
2025-11-13T18:17:20.529329,BTC,hold,
2025-11-13T18:17:20.529329,DOGE,hold,
2025-11-13T18:17:20.529329,BNB,hold,
2025-11-13T18:20:26.390247,ETH,hold,
2025-11-13T18:20:26.390247,SOL,hold,
2025-11-13T18:20:26.390247,XRP,hold,
2025-11-13T18:20:26.390247,BTC,hold,
2025-11-13T18:20:26.390247,DOGE,hold,
2025-11-13T18:20:26.390247,BNB,hold,
2025-11-13T18:23:32.653331,ETH,hold,
2025-11-13T18:23:32.653331,SOL,hold,
2025-11-13T18:23:32.653331,XRP,hold,
2025-11-13T18:23:32.653331,BTC,hold,
2025-11-13T18:23:32.653331,DOGE,hold,
2025-11-13T18:23:32.653331,BNB,hold,
2025-11-13T18:26:38.844107,ETH,hold,
2025-11-13T18:26:38.844107,SOL,hold,
2025-11-13T18:26:38.844107,XRP,hold,
2025-11-13T18:26:38.844107,BTC,hold,
2025-11-13T18:26:38.844107,DOGE,hold,
2025-11-13T18:26:38.844107,BNB,hold,
2025-11-13T18:29:44.594569,ETH,hold,
2025-11-13T18:29:44.594569,SOL,hold,
2025-11-13T18:29:44.594569,XRP,hold,
2025-11-13T18:29:44.594569,BTC,hold,
2025-11-13T18:29:44.594569,DOGE,hold,
2025-11-13T18:29:44.594569,BNB,hold,
2025-11-13T18:32:50.505808,ETH,hold,
2025-11-13T18:32:50.505808,SOL,hold,
2025-11-13T18:32:50.505808,XRP,hold,
2025-11-13T18:32:50.505808,BTC,hold,
2025-11-13T18:32:50.505808,DOGE,hold,
2025-11-13T18:32:50.505808,BNB,hold,
2025-11-13T18:35:56.267672,ETH,hold,
2025-11-13T18:35:56.267672,SOL,hold,
2025-11-13T18:35:56.267672,XRP,hold,
2025-11-13T18:35:56.267672,BTC,hold,
2025-11-13T18:35:56.267672,DOGE,hold,
2025-11-13T18:35:56.267672,BNB,hold,
2025-11-13T18:39:02.249029,ETH,hold,
2025-11-13T18:39:02.249029,SOL,hold,
2025-11-13T18:39:02.249029,XRP,hold,
2025-11-13T18:39:02.249029,BTC,hold,
2025-11-13T18:39:02.249029,DOGE,hold,
2025-11-13T18:39:02.249029,BNB,hold,
2025-11-13T18:42:07.990481,ETH,hold,
2025-11-13T18:42:07.990481,SOL,hold,
2025-11-13T18:42:07.990481,XRP,hold,
2025-11-13T18:42:07.990481,BTC,hold,
2025-11-13T18:42:07.990481,DOGE,hold,
2025-11-13T18:42:07.990481,BNB,close,
2025-11-13T18:45:14.230024,ETH,hold,
2025-11-13T18:45:14.230024,SOL,hold,
2025-11-13T18:45:14.230024,XRP,hold,
2025-11-13T18:45:14.230024,BTC,hold,
2025-11-13T18:45:14.230024,DOGE,hold,
2025-11-13T18:45:14.230024,BNB,entry,
2025-11-13T18:48:21.766431,ETH,hold,
2025-11-13T18:48:21.766431,SOL,hold,
2025-11-13T18:48:21.766431,XRP,hold,
2025-11-13T18:48:21.766431,BTC,hold,
2025-11-13T18:48:21.766431,DOGE,hold,
2025-11-13T18:48:21.766431,BNB,hold,
2025-11-13T18:51:27.520861,ETH,hold,
2025-11-13T18:51:27.520861,SOL,hold,
2025-11-13T18:51:27.520861,XRP,hold,
2025-11-13T18:51:27.520861,BTC,hold,
2025-11-13T18:51:27.520861,DOGE,hold,
2025-11-13T18:51:27.520861,BNB,hold,
2025-11-13T18:54:33.789235,ETH,hold,
2025-11-13T18:54:33.789235,SOL,hold,
2025-11-13T18:54:33.789235,XRP,hold,
2025-11-13T18:54:33.789235,BTC,hold,
2025-11-13T18:54:33.789235,DOGE,hold,
2025-11-13T18:54:33.789235,BNB,hold,
2025-11-13T18:57:39.745658,ETH,hold,
2025-11-13T18:57:39.745658,SOL,hold,
2025-11-13T18:57:39.745658,XRP,hold,
2025-11-13T18:57:39.745658,BTC,hold,
2025-11-13T18:57:39.745658,DOGE,hold,
2025-11-13T18:57:39.745658,BNB,hold,
2025-11-13T19:00:46.422641,ETH,hold,
2025-11-13T19:00:46.422641,SOL,hold,
2025-11-13T19:00:46.422641,XRP,hold,
2025-11-13T19:00:46.422641,BTC,hold,
2025-11-13T19:00:46.422641,DOGE,hold,
2025-11-13T19:00:46.422641,BNB,hold,
2025-11-13T19:03:52.529170,ETH,hold,
2025-11-13T19:03:52.529170,SOL,hold,
2025-11-13T19:03:52.529170,XRP,hold,
2025-11-13T19:03:52.529170,BTC,hold,
2025-11-13T19:03:52.529170,DOGE,hold,
2025-11-13T19:03:52.529170,BNB,hold,
2025-11-13T19:06:58.649110,ETH,hold,
2025-11-13T19:06:58.649110,SOL,hold,
2025-11-13T19:06:58.649110,XRP,hold,
2025-11-13T19:06:58.649110,BTC,hold,
2025-11-13T19:06:58.649110,DOGE,hold,
2025-11-13T19:06:58.649110,BNB,hold,
2025-11-13T19:10:05.637942,ETH,hold,
2025-11-13T19:10:05.637942,SOL,hold,
2025-11-13T19:10:05.637942,XRP,hold,
2025-11-13T19:10:05.637942,BTC,hold,
2025-11-13T19:10:05.637942,DOGE,hold,
2025-11-13T19:10:05.637942,BNB,hold,
2025-11-13T19:13:11.594025,ETH,hold,
2025-11-13T19:13:11.594025,SOL,hold,
2025-11-13T19:13:11.594025,XRP,hold,
2025-11-13T19:13:11.594025,BTC,hold,
2025-11-13T19:13:11.594025,DOGE,hold,
2025-11-13T19:13:11.594025,BNB,hold,
2025-11-13T19:16:17.557362,ETH,hold,
2025-11-13T19:16:17.557362,SOL,hold,
2025-11-13T19:16:17.557362,XRP,hold,
2025-11-13T19:16:17.557362,BTC,hold,
2025-11-13T19:16:17.557362,DOGE,hold,
2025-11-13T19:16:17.557362,BNB,hold,
2025-11-13T19:19:23.925934,ETH,hold,
2025-11-13T19:19:23.925934,SOL,hold,
2025-11-13T19:19:23.925934,XRP,hold,
2025-11-13T19:19:23.925934,BTC,hold,
2025-11-13T19:19:23.925934,DOGE,hold,
2025-11-13T19:19:23.925934,BNB,hold,
2025-11-13T19:22:30.226937,ETH,hold,
2025-11-13T19:22:30.226937,SOL,hold,
2025-11-13T19:22:30.226937,XRP,hold,
2025-11-13T19:22:30.226937,BTC,hold,
2025-11-13T19:22:30.226937,DOGE,hold,
2025-11-13T19:22:30.226937,BNB,hold,
2025-11-13T19:25:36.105958,ETH,hold,
2025-11-13T19:25:36.105958,SOL,hold,
2025-11-13T19:25:36.105958,XRP,hold,
2025-11-13T19:25:36.105958,BTC,hold,
2025-11-13T19:25:36.105958,DOGE,hold,
2025-11-13T19:25:36.105958,BNB,hold,
2025-11-13T19:28:42.006243,ETH,hold,
2025-11-13T19:28:42.006243,SOL,hold,
2025-11-13T19:28:42.006243,XRP,hold,
2025-11-13T19:28:42.006243,BTC,hold,
2025-11-13T19:28:42.006243,DOGE,hold,
2025-11-13T19:28:42.006243,BNB,hold,
2025-11-13T19:31:47.862116,ETH,hold,
2025-11-13T19:31:47.862116,SOL,hold,
2025-11-13T19:31:47.862116,XRP,hold,
2025-11-13T19:31:47.862116,BTC,hold,
2025-11-13T19:31:47.862116,DOGE,hold,
2025-11-13T19:31:47.862116,BNB,hold,
2025-11-13T19:34:53.923360,ETH,hold,
2025-11-13T19:34:53.923360,SOL,hold,
2025-11-13T19:34:53.923360,XRP,hold,
2025-11-13T19:34:53.923360,BTC,hold,
2025-11-13T19:34:53.923360,DOGE,hold,
2025-11-13T19:34:53.923360,BNB,hold,
2025-11-13T19:38:00.053688,ETH,hold,
2025-11-13T19:38:00.053688,SOL,hold,
2025-11-13T19:38:00.053688,XRP,hold,
2025-11-13T19:38:00.053688,BTC,hold,
2025-11-13T19:38:00.053688,DOGE,hold,
2025-11-13T19:38:00.053688,BNB,hold,
2025-11-13T19:41:07.027515,ETH,hold,
2025-11-13T19:41:07.027515,SOL,hold,
2025-11-13T19:41:07.027515,XRP,hold,
2025-11-13T19:41:07.027515,BTC,hold,
2025-11-13T19:41:07.027515,DOGE,hold,
2025-11-13T19:41:07.027515,BNB,hold,
2025-11-13T19:44:13.190457,ETH,hold,
2025-11-13T19:44:13.190457,SOL,hold,
2025-11-13T19:44:13.190457,XRP,hold,
2025-11-13T19:44:13.190457,BTC,hold,
2025-11-13T19:44:13.190457,DOGE,hold,
2025-11-13T19:44:13.190457,BNB,hold,
2025-11-13T19:47:19.152517,ETH,hold,
2025-11-13T19:47:19.152517,SOL,hold,
2025-11-13T19:47:19.152517,XRP,hold,
2025-11-13T19:47:19.152517,BTC,hold,
2025-11-13T19:47:19.152517,DOGE,hold,
2025-11-13T19:47:19.152517,BNB,hold,
2025-11-13T19:50:25.009956,ETH,hold,
2025-11-13T19:50:25.009956,SOL,hold,
2025-11-13T19:50:25.009956,XRP,hold,
2025-11-13T19:50:25.009956,BTC,hold,
2025-11-13T19:50:25.009956,DOGE,hold,
2025-11-13T19:50:25.009956,BNB,hold,
2025-11-13T19:53:32.104038,ETH,close,
2025-11-13T19:53:32.104038,SOL,hold,
2025-11-13T19:53:32.104038,XRP,hold,
2025-11-13T19:53:32.104038,BTC,hold,
2025-11-13T19:53:32.104038,DOGE,hold,
2025-11-13T19:53:32.104038,BNB,hold,
2025-11-13T19:56:38.573686,ETH,hold,
2025-11-13T19:56:38.573686,SOL,hold,
2025-11-13T19:56:38.573686,XRP,hold,
2025-11-13T19:56:38.573686,BTC,hold,
2025-11-13T19:56:38.573686,DOGE,hold,
2025-11-13T19:56:38.573686,BNB,hold,
2025-11-13T19:59:45.049609,ETH,entry,
2025-11-13T19:59:45.049609,SOL,hold,
2025-11-13T19:59:45.049609,XRP,hold,
2025-11-13T19:59:45.049609,BTC,hold,
2025-11-13T19:59:45.049609,DOGE,hold,
2025-11-13T19:59:45.049609,BNB,hold,
2025-11-13T20:02:51.113618,ETH,hold,
2025-11-13T20:02:51.113618,SOL,hold,
2025-11-13T20:02:51.113618,XRP,hold,
2025-11-13T20:02:51.113618,BTC,hold,
2025-11-13T20:02:51.113618,DOGE,hold,
2025-11-13T20:02:51.113618,BNB,hold,
2025-11-13T20:05:56.942137,ETH,hold,
2025-11-13T20:05:56.942137,SOL,hold,
2025-11-13T20:05:56.942137,XRP,hold,
2025-11-13T20:05:56.942137,BTC,hold,
2025-11-13T20:05:56.942137,DOGE,hold,
2025-11-13T20:05:56.942137,BNB,hold,
2025-11-13T20:09:03.076210,ETH,hold,
2025-11-13T20:09:03.076210,SOL,hold,
2025-11-13T20:09:03.076210,XRP,hold,
2025-11-13T20:09:03.076210,BTC,hold,
2025-11-13T20:09:03.076210,DOGE,hold,
2025-11-13T20:09:03.076210,BNB,hold,
2025-11-13T20:12:09.611969,ETH,hold,
2025-11-13T20:12:09.611969,SOL,hold,
2025-11-13T20:12:09.611969,XRP,hold,
2025-11-13T20:12:09.611969,BTC,hold,
2025-11-13T20:12:09.611969,DOGE,hold,
2025-11-13T20:12:09.611969,BNB,hold,
2025-11-13T20:15:15.679055,ETH,hold,
2025-11-13T20:15:15.679055,SOL,hold,
2025-11-13T20:15:15.679055,XRP,hold,
2025-11-13T20:15:15.679055,BTC,hold,
2025-11-13T20:15:15.679055,DOGE,hold,
2025-11-13T20:15:15.679055,BNB,hold,
2025-11-13T20:18:21.951629,ETH,hold,
2025-11-13T20:18:21.951629,SOL,hold,
2025-11-13T20:18:21.951629,XRP,hold,
2025-11-13T20:18:21.951629,BTC,hold,
2025-11-13T20:18:21.951629,DOGE,hold,
2025-11-13T20:18:21.951629,BNB,hold,
2025-11-13T20:21:27.896289,ETH,hold,
2025-11-13T20:21:27.896289,SOL,hold,
2025-11-13T20:21:27.896289,XRP,hold,
2025-11-13T20:21:27.896289,BTC,hold,
2025-11-13T20:21:27.896289,DOGE,hold,
2025-11-13T20:21:27.896289,BNB,hold,
2025-11-13T20:24:34.386564,ETH,hold,
2025-11-13T20:24:34.386564,SOL,hold,
2025-11-13T20:24:34.386564,XRP,hold,
2025-11-13T20:24:34.386564,BTC,hold,
2025-11-13T20:24:34.386564,DOGE,hold,
2025-11-13T20:24:34.386564,BNB,hold,
2025-11-13T20:27:40.549265,ETH,hold,
2025-11-13T20:27:40.549265,SOL,hold,
2025-11-13T20:27:40.549265,XRP,hold,
2025-11-13T20:27:40.549265,BTC,hold,
2025-11-13T20:27:40.549265,DOGE,hold,
2025-11-13T20:27:40.549265,BNB,hold,
2025-11-13T20:30:47.026723,ETH,hold,
2025-11-13T20:30:47.026723,SOL,hold,
2025-11-13T20:30:47.026723,XRP,hold,
2025-11-13T20:30:47.026723,BTC,hold,
2025-11-13T20:30:47.026723,DOGE,hold,
2025-11-13T20:30:47.026723,BNB,hold,
2025-11-13T20:33:52.987271,ETH,hold,
2025-11-13T20:33:52.987271,SOL,hold,
2025-11-13T20:33:52.987271,XRP,hold,
2025-11-13T20:33:52.987271,BTC,hold,
2025-11-13T20:33:52.987271,DOGE,hold,
2025-11-13T20:33:52.987271,BNB,hold,
2025-11-13T20:36:59.410842,ETH,hold,
2025-11-13T20:36:59.410842,SOL,hold,
2025-11-13T20:36:59.410842,XRP,hold,
2025-11-13T20:36:59.410842,BTC,hold,
2025-11-13T20:36:59.410842,DOGE,hold,
2025-11-13T20:36:59.410842,BNB,hold,
2025-11-13T20:40:06.268136,ETH,hold,
2025-11-13T20:40:06.268136,SOL,hold,
2025-11-13T20:40:06.268136,XRP,hold,
2025-11-13T20:40:06.268136,BTC,hold,
2025-11-13T20:40:06.268136,DOGE,hold,
2025-11-13T20:40:06.268136,BNB,hold,
2025-11-13T20:43:12.256912,ETH,hold,
2025-11-13T20:43:12.256912,SOL,hold,
2025-11-13T20:43:12.256912,XRP,hold,
2025-11-13T20:43:12.256912,BTC,hold,
2025-11-13T20:43:12.256912,DOGE,hold,
2025-11-13T20:43:12.256912,BNB,hold,
2025-11-13T20:46:19.241749,ETH,hold,
2025-11-13T20:46:19.241749,SOL,hold,
2025-11-13T20:46:19.241749,XRP,hold,
2025-11-13T20:46:19.241749,BTC,hold,
2025-11-13T20:46:19.241749,DOGE,hold,
2025-11-13T20:46:19.241749,BNB,hold,
2025-11-13T20:49:25.609857,ETH,hold,
2025-11-13T20:49:25.609857,SOL,hold,
2025-11-13T20:49:25.609857,XRP,hold,
2025-11-13T20:49:25.609857,BTC,hold,
2025-11-13T20:49:25.609857,DOGE,hold,
2025-11-13T20:49:25.609857,BNB,hold,
2025-11-13T20:52:33.980644,ETH,close,
2025-11-13T20:52:33.980644,SOL,hold,
2025-11-13T20:52:33.980644,XRP,hold,
2025-11-13T20:52:33.980644,BTC,hold,
2025-11-13T20:52:33.980644,DOGE,hold,
2025-11-13T20:52:33.980644,BNB,hold,
2025-11-13T20:55:40.401815,ETH,entry,
2025-11-13T20:55:40.401815,SOL,hold,
2025-11-13T20:55:40.401815,XRP,hold,
2025-11-13T20:55:40.401815,BTC,hold,
2025-11-13T20:55:40.401815,DOGE,hold,
2025-11-13T20:55:40.401815,BNB,hold,
2025-11-13T20:58:47.080578,ETH,hold,
2025-11-13T20:58:47.080578,SOL,hold,
2025-11-13T20:58:47.080578,XRP,hold,
2025-11-13T20:58:47.080578,BTC,hold,
2025-11-13T20:58:47.080578,DOGE,hold,
2025-11-13T20:58:47.080578,BNB,hold,
2025-11-13T21:01:53.312414,ETH,hold,
2025-11-13T21:01:53.312414,SOL,hold,
2025-11-13T21:01:53.312414,XRP,hold,
2025-11-13T21:01:53.312414,BTC,hold,
2025-11-13T21:01:53.312414,DOGE,hold,
2025-11-13T21:01:53.312414,BNB,hold,
2025-11-13T21:04:59.557460,ETH,hold,
2025-11-13T21:04:59.557460,SOL,hold,
2025-11-13T21:04:59.557460,XRP,close,
2025-11-13T21:04:59.557460,BTC,hold,
2025-11-13T21:04:59.557460,DOGE,hold,
2025-11-13T21:04:59.557460,BNB,hold,
2025-11-13T21:08:06.430881,ETH,hold,
2025-11-13T21:08:06.430881,SOL,hold,
2025-11-13T21:08:06.430881,XRP,entry,
2025-11-13T21:08:06.430881,BTC,hold,
2025-11-13T21:08:06.430881,DOGE,hold,
2025-11-13T21:08:06.430881,BNB,hold,
2025-11-13T21:11:12.768227,ETH,hold,
2025-11-13T21:11:12.768227,SOL,hold,
2025-11-13T21:11:12.768227,XRP,hold,
2025-11-13T21:11:12.768227,BTC,hold,
2025-11-13T21:11:12.768227,DOGE,hold,
2025-11-13T21:11:12.768227,BNB,hold,
2025-11-13T21:14:19.136577,ETH,hold,
2025-11-13T21:14:19.136577,SOL,hold,
2025-11-13T21:14:19.136577,XRP,hold,
2025-11-13T21:14:19.136577,BTC,hold,
2025-11-13T21:14:19.136577,DOGE,hold,
2025-11-13T21:14:19.136577,BNB,hold,
2025-11-13T21:17:25.715694,ETH,hold,
2025-11-13T21:17:25.715694,SOL,hold,
2025-11-13T21:17:25.715694,XRP,hold,
2025-11-13T21:17:25.715694,BTC,hold,
2025-11-13T21:17:25.715694,DOGE,hold,
2025-11-13T21:17:25.715694,BNB,hold,
2025-11-13T21:20:31.914413,ETH,hold,
2025-11-13T21:20:31.914413,SOL,hold,
2025-11-13T21:20:31.914413,XRP,hold,
2025-11-13T21:20:31.914413,BTC,hold,
2025-11-13T21:20:31.914413,DOGE,hold,
2025-11-13T21:20:31.914413,BNB,hold,
2025-11-13T21:23:38.295786,ETH,hold,
2025-11-13T21:23:38.295786,SOL,hold,
2025-11-13T21:23:38.295786,XRP,hold,
2025-11-13T21:23:38.295786,BTC,hold,
2025-11-13T21:23:38.295786,DOGE,hold,
2025-11-13T21:23:38.295786,BNB,hold,
2025-11-13T21:26:44.782249,ETH,hold,
2025-11-13T21:26:44.782249,SOL,hold,
2025-11-13T21:26:44.782249,XRP,hold,
2025-11-13T21:26:44.782249,BTC,hold,
2025-11-13T21:26:44.782249,DOGE,hold,
2025-11-13T21:26:44.782249,BNB,hold,
2025-11-13T21:29:51.374398,ETH,hold,
2025-11-13T21:29:51.374398,SOL,hold,
2025-11-13T21:29:51.374398,XRP,hold,
2025-11-13T21:29:51.374398,BTC,hold,
2025-11-13T21:29:51.374398,DOGE,hold,
2025-11-13T21:29:51.374398,BNB,hold,
2025-11-13T21:32:57.656078,ETH,hold,
2025-11-13T21:32:57.656078,SOL,hold,
2025-11-13T21:32:57.656078,XRP,hold,
2025-11-13T21:32:57.656078,BTC,hold,
2025-11-13T21:32:57.656078,DOGE,hold,
2025-11-13T21:32:57.656078,BNB,hold,
2025-11-13T21:36:03.867661,ETH,hold,
2025-11-13T21:36:03.867661,SOL,hold,
2025-11-13T21:36:03.867661,XRP,hold,
2025-11-13T21:36:03.867661,BTC,hold,
2025-11-13T21:36:03.867661,DOGE,hold,
2025-11-13T21:36:03.867661,BNB,hold,
2025-11-13T21:39:10.188925,ETH,hold,
2025-11-13T21:39:10.188925,SOL,hold,
2025-11-13T21:39:10.188925,XRP,hold,
2025-11-13T21:39:10.188925,BTC,hold,
2025-11-13T21:39:10.188925,DOGE,hold,
2025-11-13T21:39:10.188925,BNB,hold,
2025-11-13T21:42:16.522536,ETH,hold,
2025-11-13T21:42:16.522536,SOL,hold,
2025-11-13T21:42:16.522536,XRP,hold,
2025-11-13T21:42:16.522536,BTC,hold,
2025-11-13T21:42:16.522536,DOGE,hold,
2025-11-13T21:42:16.522536,BNB,hold,
2025-11-13T21:45:23.031758,ETH,hold,
2025-11-13T21:45:23.031758,SOL,hold,
2025-11-13T21:45:23.031758,XRP,hold,
2025-11-13T21:45:23.031758,BTC,hold,
2025-11-13T21:45:23.031758,DOGE,hold,
2025-11-13T21:45:23.031758,BNB,hold,
2025-11-13T21:48:29.228400,ETH,hold,
2025-11-13T21:48:29.228400,SOL,hold,
2025-11-13T21:48:29.228400,XRP,hold,
2025-11-13T21:48:29.228400,BTC,hold,
2025-11-13T21:48:29.228400,DOGE,hold,
2025-11-13T21:48:29.228400,BNB,hold,
2025-11-13T21:51:35.397329,ETH,hold,
2025-11-13T21:51:35.397329,SOL,hold,
2025-11-13T21:51:35.397329,XRP,hold,
2025-11-13T21:51:35.397329,BTC,hold,
2025-11-13T21:51:35.397329,DOGE,hold,
2025-11-13T21:51:35.397329,BNB,hold,
2025-11-13T21:54:41.779849,ETH,hold,
2025-11-13T21:54:41.779849,SOL,hold,
2025-11-13T21:54:41.779849,XRP,hold,
2025-11-13T21:54:41.779849,BTC,hold,
2025-11-13T21:54:41.779849,DOGE,hold,
2025-11-13T21:54:41.779849,BNB,hold,
2025-11-13T21:57:48.114188,ETH,hold,
2025-11-13T21:57:48.114188,SOL,hold,
2025-11-13T21:57:48.114188,XRP,hold,
2025-11-13T21:57:48.114188,BTC,hold,
2025-11-13T21:57:48.114188,DOGE,hold,
2025-11-13T21:57:48.114188,BNB,hold,
2025-11-13T22:00:54.709564,ETH,hold,
2025-11-13T22:00:54.709564,SOL,hold,
2025-11-13T22:00:54.709564,XRP,hold,
2025-11-13T22:00:54.709564,BTC,hold,
2025-11-13T22:00:54.709564,DOGE,hold,
2025-11-13T22:00:54.709564,BNB,hold,
2025-11-13T22:04:00.819864,ETH,hold,
2025-11-13T22:04:00.819864,SOL,hold,
2025-11-13T22:04:00.819864,XRP,hold,
2025-11-13T22:04:00.819864,BTC,hold,
2025-11-13T22:04:00.819864,DOGE,hold,
2025-11-13T22:04:00.819864,BNB,hold,
2025-11-13T22:07:07.170756,ETH,hold,
2025-11-13T22:07:07.170756,SOL,hold,
2025-11-13T22:07:07.170756,XRP,hold,
2025-11-13T22:07:07.170756,BTC,hold,
2025-11-13T22:07:07.170756,DOGE,hold,
2025-11-13T22:07:07.170756,BNB,hold,
2025-11-13T22:10:13.185341,ETH,hold,
2025-11-13T22:10:13.185341,SOL,hold,
2025-11-13T22:10:13.185341,XRP,hold,
2025-11-13T22:10:13.185341,BTC,hold,
2025-11-13T22:10:13.185341,DOGE,hold,
2025-11-13T22:10:13.185341,BNB,hold,
2025-11-13T22:13:19.929488,ETH,hold,
2025-11-13T22:13:19.929488,SOL,hold,
2025-11-13T22:13:19.929488,XRP,hold,
2025-11-13T22:13:19.929488,BTC,hold,
2025-11-13T22:13:19.929488,DOGE,hold,
2025-11-13T22:13:19.929488,BNB,hold,
2025-11-13T22:16:26.578032,ETH,hold,
2025-11-13T22:16:26.578032,SOL,hold,
2025-11-13T22:16:26.578032,XRP,hold,
2025-11-13T22:16:26.578032,BTC,hold,
2025-11-13T22:16:26.578032,DOGE,hold,
2025-11-13T22:16:26.578032,BNB,hold,
